,cute,outdoor,milf,asian,japan,group,deepthroat,dick,young,black,redhead,cum,babes,big,couple,blowjob,facial,voyeur,naked,lesbians,anal,doggystyle,hairy,busty,brunette,porn,fucking,japanese,sex,fingering,girl,shaved,cumshot,fetish,teens,public,ass,solo,boobs,slut,creampie,sexy,gangbang,amateurs,pornstar,threesome,pussyfucking,pussy,groupsex,toys,blonde,ebony,toy,girls,homemade,bukkake,teen,babe,bdsm,gay,xxx,fuck,pussylicking,hardcore,handjob,bigtits,straight,interracial,orgy,mature,college,cock,dildo,girlfriend,amateur,sucking,tattoo,POV,reality,hot,latina,tits,party,european,suck,lesbian,webcam,bondage,cumshots,stockings,oral,Black and Ebony
gay,0.04,0.29,-0.96,-0.57,-0.74,0.41,-0.50,0.91,-0.27,1.00,-0.94,0.78,-0.94,0.78,-0.64,-0.00,-0.54,0.11,0.03,-0.96,1.98,-0.91,0.13,-0.93,-0.97,-0.17,1.24,-0.91,-0.26,-0.94,-0.83,-0.64,-0.44,0.49,-0.60,0.24,-0.08,0.37,-0.97,-0.86,-0.03,-0.69,-0.32,0.39,-0.61,-0.24,-0.99,-0.98,-0.53,-0.47,-0.95,-0.08,-0.81,-0.93,-0.61,-0.26,-0.47,-0.98,1.68,90.42,-0.84,0.69,-0.98,-0.39,-0.29,-0.98,1.11,0.83,-0.07,-0.59,1.05,2.73,-0.58,-0.98,-0.05,2.55,-0.43,-0.84,-0.66,-0.46,-0.85,-0.96,-0.52,-0.91,0.76,-0.93,0.28,1.69,0.40,-0.96,0.06,-0.71
cock,-0.30,-0.38,0.36,-0.75,-0.86,0.37,0.49,4.05,0.34,0.62,0.65,0.98,-0.85,1.85,-0.38,0.01,-0.36,-0.55,-0.55,-0.67,0.43,-0.64,-0.70,0.36,-0.16,-0.18,0.10,-0.93,-0.11,-0.64,-0.14,-0.44,-0.23,-0.63,-0.63,-0.69,0.43,-0.69,-0.17,2.10,-0.51,0.04,-0.80,-0.73,0.48,-0.40,-0.91,0.52,-0.65,-0.71,-0.08,-0.27,-0.87,-0.67,-0.71,-0.90,-0.20,-0.22,-0.62,2.73,-0.31,0.64,-0.83,0.03,-0.06,-0.36,-0.80,0.01,0.46,0.49,-0.56,10.22,-0.79,-0.59,-0.37,1.24,-0.68,-0.58,-0.59,0.00,-0.44,-0.00,0.52,-0.35,1.01,-0.89,-0.66,-0.62,-0.47,-0.68,-0.15,-0.98
sucking,-0.25,0.10,-0.33,-0.40,-0.79,-0.14,0.38,1.48,0.06,0.01,-0.82,0.54,-0.69,0.07,0.10,0.51,-0.30,0.40,-0.53,-0.43,-0.33,-0.55,-0.06,-0.28,-0.35,0.01,2.03,-0.55,0.21,-0.12,0.40,-0.74,-0.50,-0.52,-0.27,-0.14,-0.17,-0.40,-0.20,1.16,-0.31,-0.23,-0.70,1.11,-0.66,-0.00,-0.77,0.07,-0.76,-0.30,-0.43,0.12,-0.82,-0.48,-0.24,-0.60,-0.49,-0.53,-0.65,2.55,-0.57,0.13,-0.41,-0.07,-0.30,-0.54,-0.23,-0.33,-0.54,-0.30,0.03,1.24,-0.61,0.30,-0.14,25.55,-0.72,0.30,0.13,0.44,0.14,-0.25,-0.13,0.87,2.03,-0.60,0.20,-0.50,-0.13,-0.34,0.70,-0.08
anal,-0.42,-0.03,0.19,-0.42,-0.32,0.02,0.37,0.26,-0.15,-0.00,-0.09,0.12,-0.57,-0.00,-0.21,0.14,0.25,-0.64,-0.71,-0.32,4.68,0.50,-0.53,-0.31,0.04,-0.26,-0.07,-0.53,0.04,-0.13,-0.44,0.13,0.36,-0.20,-0.55,-0.67,0.50,-0.58,-0.56,0.39,0.03,-0.43,-0.07,-0.68,0.28,0.75,0.28,-0.43,-0.23,0.09,0.09,-0.25,-0.50,-0.77,-0.40,-0.33,-0.24,-0.33,-0.18,1.98,0.41,0.05,-0.12,-0.06,-0.16,-0.22,-0.42,0.25,-0.18,0.13,-0.72,0.43,-0.29,-0.37,-0.30,-0.33,0.23,-0.21,-0.73,-0.38,0.30,-0.50,-0.34,-0.47,-0.35,-0.29,-0.25,-0.21,0.31,0.23,-0.31,-0.66
bondage,-0.77,-0.28,-0.55,-0.32,-0.78,0.59,0.05,-0.54,-0.45,-0.80,-0.55,-0.47,-0.69,-0.33,-0.43,-0.61,-0.74,-0.56,-0.86,0.10,-0.21,-0.89,-0.59,-0.38,-0.51,-0.74,-0.65,-0.63,0.55,-0.60,0.08,-0.57,-0.60,13.31,-0.65,0.27,-0.08,-0.50,-0.53,-0.81,-0.79,-0.67,-0.03,-0.77,-0.87,-0.50,-0.75,-0.40,-0.76,0.93,-0.49,-0.75,1.07,-0.34,-0.82,-0.86,-0.58,-0.22,45.32,1.69,-0.96,-0.20,-0.80,0.08,-0.04,-0.79,0.36,-0.54,-0.41,-0.29,-0.75,-0.62,0.29,-0.86,-0.70,-0.50,-0.33,-0.75,-0.09,-0.83,-0.76,-0.30,-0.82,-0.69,0.45,0.14,-0.83,54.01,-0.76,-0.01,-0.32,-1.00
bdsm,-0.68,-0.33,-0.57,-0.40,-0.76,0.57,-0.07,-0.71,-0.60,-0.71,-0.52,-0.56,-0.70,-0.49,-0.57,-0.66,-0.77,-0.62,-0.74,0.15,-0.18,-0.90,-0.52,-0.41,-0.56,-0.59,-0.76,-0.54,0.52,-0.67,0.15,-0.60,-0.66,14.82,-0.72,0.16,-0.02,-0.82,-0.56,-0.72,-0.90,-0.66,-0.01,-0.81,-0.91,-0.46,-0.81,-0.37,-0.78,0.46,-0.55,-0.66,0.70,-0.21,-0.82,-0.88,-0.66,-0.39,59.84,1.68,-0.77,-0.37,-0.84,0.10,0.32,-0.80,0.28,-0.53,-0.44,-0.41,-0.71,-0.62,0.05,-0.86,-0.69,-0.65,-0.79,-0.48,0.04,-0.82,-0.80,-0.41,-0.90,-0.39,0.43,0.44,-0.75,45.32,-0.36,-0.08,-0.43,-0.52
fucking,-0.73,-0.30,-0.31,0.33,-0.73,-0.22,-0.67,-0.20,0.05,-0.23,-0.81,-0.33,-0.48,-0.31,-0.04,-0.06,0.05,0.09,-0.60,-0.43,-0.07,-0.64,-0.10,0.28,-0.51,-0.29,6.64,0.49,-0.09,-0.49,-0.15,-0.58,-0.53,-0.54,-0.07,-0.54,-0.03,-0.61,0.65,-0.13,1.33,-0.34,0.89,0.10,-0.33,-0.41,-0.05,-0.07,1.33,-0.57,-0.53,-0.31,1.00,-0.60,-0.39,0.91,-0.08,0.11,-0.76,1.24,-0.29,0.34,-0.52,0.06,-0.58,0.83,-0.60,-0.31,0.83,-0.05,0.22,0.10,-0.43,0.12,-0.09,2.03,-0.58,-0.44,-0.45,-0.11,-0.17,-0.20,-0.08,0.33,-0.03,-0.64,-0.29,-0.65,0.01,-0.24,-0.17,2.93
straight,-0.96,-0.91,-0.31,-0.87,-0.99,0.42,-0.36,-0.80,-0.45,0.64,-0.67,-0.50,-0.99,-0.78,-0.92,-0.24,-0.64,2.22,-0.94,-0.34,-0.42,-0.89,-0.61,-0.85,0.26,-0.02,-0.60,-0.99,-0.72,-0.10,-0.93,-0.30,-0.40,-0.24,-0.61,-0.51,-0.20,-0.56,-0.69,-0.98,-0.32,1.69,-0.55,-0.85,-0.82,0.68,-0.29,1.03,-0.93,-0.31,0.19,1.24,-0.98,-0.99,-0.79,-0.93,-0.28,1.74,0.28,1.11,0.93,-0.94,-0.22,0.83,-0.56,-0.77,15.73,0.90,-0.56,-0.05,1.16,-0.80,-0.63,-0.84,0.24,-0.23,0.07,-0.31,5.54,-0.60,0.01,-0.97,-0.25,-0.86,-0.90,-0.30,-0.48,0.36,0.33,0.12,0.29,-0.69
college,-0.36,-0.73,-0.92,-0.84,-0.92,1.85,-0.39,-0.79,1.45,-0.75,-0.85,-0.77,-0.54,-0.60,-0.57,-0.30,-0.77,3.11,-0.23,0.10,-0.72,-0.54,-0.77,0.47,-0.42,0.13,0.22,-0.90,-0.42,-0.54,0.09,-0.75,-0.71,-0.67,3.13,-0.36,0.23,-0.55,0.12,-0.18,-0.80,-0.08,0.71,4.25,-0.77,-0.32,-0.77,0.46,-0.62,-0.65,-0.52,-0.69,-0.74,-0.66,1.00,-0.95,0.60,0.01,-0.71,1.05,-0.64,-0.42,-0.67,-0.11,-0.68,-0.80,1.16,-0.69,0.18,-0.81,22.25,-0.56,-0.65,0.19,0.37,0.03,-0.89,-0.63,2.38,0.03,-0.70,-0.00,4.29,-0.89,-0.68,0.14,-0.47,-0.75,-0.82,-0.94,-0.06,-0.71
black,-0.71,-0.50,-0.13,-0.73,-0.93,-0.48,0.16,0.94,-0.61,15.50,-0.79,-0.22,-0.89,0.70,-0.48,-0.11,-0.29,-0.37,-0.73,-0.58,-0.00,-0.28,-0.79,-0.33,-0.55,-0.18,-0.23,-0.90,-0.33,-0.63,0.12,-0.41,-0.14,-0.36,-0.83,-0.85,0.81,-0.15,-0.46,-0.23,-0.40,0.10,-0.53,-0.57,-0.62,0.16,-0.01,-0.06,-0.84,-0.46,-0.18,10.14,-0.73,-0.39,0.04,-0.79,-0.56,-0.17,-0.71,1.00,-0.63,-0.11,-0.39,0.01,-0.50,-0.35,0.64,5.31,-0.75,-0.13,-0.75,0.62,-0.63,-0.10,-0.19,0.01,0.17,-0.11,-0.60,-0.56,0.06,-0.51,-0.92,-0.84,0.20,-0.47,-0.39,-0.80,0.35,-0.44,0.15,-0.97
dick,-0.46,-0.59,0.34,-0.79,-0.87,0.82,-0.06,14.22,-0.30,0.94,1.31,1.39,-0.88,1.42,-0.24,-0.02,-0.53,-0.80,-0.63,-0.87,0.26,-0.54,-0.70,-0.47,-0.10,-0.23,-0.20,-0.91,-0.10,-0.62,0.23,-0.66,-0.25,-0.62,-0.78,-0.77,0.33,-0.70,-0.46,3.14,-0.50,0.47,-0.80,-0.93,0.55,-0.41,-0.91,0.44,-0.78,-0.72,-0.03,0.07,-0.93,-0.32,-0.62,-0.95,-0.25,0.06,-0.71,0.91,-0.64,1.01,-0.75,-0.11,0.80,-0.91,-0.80,-0.06,0.86,0.88,-0.79,4.05,-0.28,-0.69,-0.31,1.48,-0.67,-0.57,-0.74,0.21,-0.28,-0.25,1.12,-0.77,1.58,-0.57,-0.66,-0.54,-0.37,-0.71,-0.39,0.17
interracial,-0.83,0.50,0.10,0.32,-0.69,-0.36,0.34,-0.06,-0.74,5.31,-0.62,-0.34,-0.94,0.19,-0.42,0.14,0.07,0.07,-0.96,-0.86,0.25,-0.24,0.70,-0.50,-0.30,-0.72,-0.31,0.03,-0.44,-0.62,-0.60,0.05,0.14,0.51,-0.89,-0.25,0.12,-0.79,-0.65,-0.53,-0.36,-0.09,0.08,-0.73,-0.59,0.50,0.34,-0.29,-0.44,-0.63,0.15,4.12,-0.83,-0.89,-0.51,-0.12,-0.56,-0.03,-0.53,0.83,-0.77,-0.43,-0.41,0.12,-0.46,-0.44,0.90,12.74,-0.54,0.41,-0.69,0.01,-0.78,-0.73,-0.36,-0.33,0.31,-0.46,-0.37,-0.77,0.31,-0.57,-0.87,-0.60,-0.26,-0.76,-0.75,-0.54,0.35,-0.16,0.13,-0.60
big,-0.54,-0.17,0.06,-0.58,-0.85,-0.49,0.91,1.42,-0.44,0.70,-0.76,0.14,-0.70,8.98,0.28,-0.33,0.15,-0.34,-0.24,-0.62,-0.00,-0.07,-0.69,0.85,-0.03,0.43,-0.31,-0.80,0.35,-0.14,0.24,-0.28,-0.12,-0.34,-0.83,-0.71,0.89,0.05,0.90,-0.50,-0.31,-0.44,-0.70,-0.83,0.01,0.04,-0.85,-0.22,-0.67,0.40,0.02,0.28,-0.76,0.01,-0.07,-0.70,-0.47,-0.53,-0.49,0.78,-0.05,0.51,-0.40,-0.26,-0.02,-0.78,-0.78,0.19,-0.52,-0.17,-0.60,1.85,-0.60,-0.44,-0.36,0.07,0.23,0.01,-0.24,0.16,0.35,1.98,-0.70,-0.43,-0.10,-0.47,-0.14,-0.33,0.41,-0.28,-0.15,-0.61
cum,-0.23,-0.51,-0.50,-0.62,-0.76,-0.17,0.63,1.39,0.09,-0.22,-0.69,11.38,-0.83,0.14,1.69,0.09,0.63,-0.70,-0.70,-0.29,0.12,-0.65,-0.72,-0.33,-0.46,1.15,-0.33,-0.80,0.98,-0.45,0.16,0.24,0.61,-0.43,-0.30,-0.70,-0.15,-0.48,-0.47,0.32,0.02,-0.10,-0.33,-0.40,0.34,-0.13,-0.73,-0.25,-0.77,-0.50,-0.30,-0.12,-0.71,-0.64,-0.26,0.50,-0.27,-0.58,-0.56,0.78,0.32,1.37,-0.46,-0.31,1.65,-0.62,-0.50,-0.34,-0.54,-0.35,-0.77,0.98,-0.39,-0.22,-0.46,0.54,-0.71,0.28,-0.70,0.69,-0.19,0.21,-0.84,-0.02,2.81,-0.34,-0.17,-0.47,1.50,0.00,0.66,0.07
suck,-0.46,0.24,-0.59,-0.49,-0.86,-0.42,-0.22,1.58,-0.05,0.20,-0.82,2.81,-0.80,-0.10,-0.35,0.28,-0.54,-0.74,-0.76,-0.83,-0.35,-0.73,-0.65,-0.35,-0.58,2.80,-0.03,-0.52,0.98,-0.81,0.14,-0.68,0.23,0.00,-0.69,-0.10,-0.20,-0.91,-0.34,0.82,-0.64,0.54,-0.22,-0.75,0.93,-0.51,-0.95,-0.23,-0.81,-0.85,-0.60,-0.25,-0.55,-0.40,-0.16,-0.92,-0.16,-0.39,0.43,0.76,-0.13,4.68,-0.91,-0.11,2.35,-0.58,-0.90,-0.26,-0.27,-0.62,-0.68,1.01,-0.63,-0.38,-0.56,2.03,-0.74,-0.39,-0.66,2.14,-0.38,0.35,-0.78,-0.75,21.69,-0.82,-0.65,0.45,-0.83,-0.72,0.34,-0.57
fuck,-0.54,-0.02,-0.45,-0.51,-0.87,-0.53,0.08,1.01,0.90,-0.11,-0.88,1.37,-0.63,0.51,-0.13,0.01,-0.51,-0.66,-0.03,-0.48,0.05,-0.57,-0.48,-0.26,-0.55,1.73,0.34,-0.63,1.54,-0.68,0.60,-0.75,-0.22,-0.34,-0.40,-0.41,0.61,-0.71,-0.12,0.02,-0.35,-0.06,-0.53,-0.51,0.32,-0.28,-0.48,0.06,-0.92,-0.74,-0.55,-0.42,-0.48,0.12,-0.29,-0.95,-0.09,-0.46,-0.37,0.69,1.52,10.68,-0.81,0.13,1.01,-0.69,-0.94,-0.43,-0.29,-0.49,-0.42,0.64,-0.27,-0.14,-0.45,0.13,-0.64,-0.48,-0.54,1.28,-0.13,0.26,-0.67,-0.45,4.68,-0.48,-0.04,-0.20,-0.65,-0.73,-0.29,-0.75
fetish,-0.78,-0.42,-0.42,0.31,-0.35,0.24,-0.01,-0.62,-0.43,-0.36,-0.60,-0.43,-0.74,-0.34,-0.39,-0.33,-0.52,0.57,-0.74,0.56,-0.20,-0.74,1.12,-0.37,-0.31,-0.58,-0.54,0.24,-0.40,-0.26,-0.51,-0.46,-0.28,22.95,-0.68,-0.30,-0.08,0.21,-0.58,-0.52,-0.69,-0.42,-0.50,-0.65,-0.53,0.27,-0.35,-0.37,-0.78,1.11,-0.31,-0.29,0.92,-0.74,-0.65,-0.38,-0.58,0.11,14.82,0.49,-0.91,-0.34,-0.28,0.11,1.12,-0.48,-0.24,0.51,-0.65,0.29,-0.67,-0.63,0.13,-0.69,-0.47,-0.52,-0.31,-0.56,-0.17,-0.81,-0.51,-0.46,-0.77,2.46,0.00,0.57,-0.53,13.31,-0.28,0.95,-0.15,0.44
group,-0.86,-0.61,0.26,-0.64,-0.56,9.27,-0.12,0.82,0.02,-0.48,0.68,-0.17,-0.61,-0.49,-0.88,-0.15,-0.42,1.22,-0.93,-0.28,0.02,-0.82,-0.67,-0.04,-0.29,-0.82,-0.22,-0.61,-0.02,-0.57,-0.72,-0.65,-0.34,0.24,0.37,-0.41,-0.32,-0.94,-0.41,1.53,-0.59,-0.15,1.60,0.78,0.27,0.73,-0.65,-0.05,0.72,-0.57,-0.24,-0.42,-0.70,-0.53,-0.64,0.06,-0.16,-0.10,0.57,0.41,-0.73,-0.53,-0.47,0.04,0.25,-0.88,0.42,-0.36,2.73,0.46,1.85,0.37,-0.80,-0.89,-0.15,-0.14,-0.68,-0.83,0.97,-0.75,-0.67,-0.42,4.77,1.19,-0.42,-0.40,-0.89,0.59,0.03,-0.35,0.17,0.33
cumshots,-0.59,-0.83,-0.51,0.19,-0.40,0.03,-0.70,-0.37,0.14,0.35,-0.78,1.50,-0.58,0.41,-0.79,-0.42,0.45,-0.68,-0.94,0.54,0.31,-0.34,-0.33,-0.31,-0.34,3.22,0.01,0.41,-0.55,0.55,-0.30,-0.18,0.48,-0.28,1.19,-0.76,-0.37,-0.56,-0.17,-0.52,0.81,-0.80,-0.02,-0.19,-0.77,-0.56,-0.38,-0.67,-0.22,0.18,-0.43,0.70,-0.77,0.55,-0.66,1.90,-0.37,-0.49,-0.36,0.40,0.88,-0.65,0.22,-0.06,-0.12,-0.90,0.33,0.35,-0.40,1.20,-0.82,-0.47,-0.61,-0.58,0.12,-0.13,-0.64,-0.49,-0.64,-0.61,0.62,-0.49,-0.76,0.51,-0.83,-0.07,-0.16,-0.76,39.43,0.62,-0.32,-1.00
amateurs,-0.74,-0.45,-0.28,-0.93,-0.93,0.78,-0.67,-0.93,-0.37,-0.57,-0.92,-0.40,-0.71,-0.83,0.37,-0.19,-0.66,1.05,-0.71,0.83,-0.68,-0.65,0.22,-0.78,-0.83,-0.60,0.10,-0.96,-0.70,-0.57,-0.56,-0.87,-0.52,-0.65,3.81,0.72,-0.79,-0.80,-0.93,-0.52,-0.68,-0.93,-0.47,31.57,-0.93,0.17,-0.22,-0.88,0.52,-0.58,-0.82,-0.45,-0.42,-0.73,2.83,-0.67,0.26,-0.72,-0.81,0.39,-0.90,-0.51,-0.26,-0.11,0.40,-0.79,-0.85,-0.73,0.49,0.01,4.25,-0.73,-0.62,3.01,1.53,1.11,-0.88,1.60,4.79,-0.94,-0.68,-0.88,3.01,2.58,-0.75,0.17,1.83,-0.77,-0.19,-0.77,0.16,1.46
solo,0.41,0.13,-0.51,-0.52,-0.93,-0.94,-0.86,-0.70,0.21,-0.15,-0.55,-0.48,-0.42,0.05,0.09,-0.86,-0.84,-0.63,0.34,0.27,-0.58,-0.95,-0.48,0.57,0.65,-0.08,-0.61,-0.87,-0.55,1.20,1.15,0.69,-0.91,0.21,-0.71,-0.65,-0.09,31.55,-0.44,-0.29,-0.90,-0.28,-0.96,-0.80,0.08,-0.91,-0.98,0.03,-0.99,3.42,0.58,-0.01,3.82,0.12,1.69,-0.93,0.15,0.54,-0.82,0.37,0.11,-0.71,-0.98,-0.82,-0.87,-0.14,-0.56,-0.79,-0.93,-0.35,-0.55,-0.69,2.91,0.49,0.36,-0.40,1.02,-0.35,-0.67,0.06,0.85,-0.12,-0.94,0.51,-0.91,-0.68,4.78,-0.50,-0.56,-0.22,-0.93,-0.33
outdoor,-0.91,27.91,-0.69,0.80,0.30,-0.61,-0.26,-0.59,-0.57,-0.50,-0.46,-0.51,-0.19,-0.17,-0.23,0.12,-0.19,1.10,-0.73,-0.47,-0.03,-0.05,-0.18,-0.67,0.13,-0.62,-0.30,0.99,-0.01,0.17,-0.66,-0.04,-0.05,-0.42,-0.64,6.20,0.11,0.13,-0.18,-0.70,-0.76,-0.77,-0.65,-0.45,-0.27,0.04,0.47,-0.04,-0.73,-0.10,0.02,-0.34,-0.33,-0.75,-0.68,-0.94,-0.30,-0.09,-0.33,0.29,-0.91,-0.02,0.45,-0.01,-0.48,-0.39,-0.91,0.50,-0.74,-0.70,-0.73,-0.38,-0.30,-0.56,-0.29,0.10,-0.03,0.06,-0.15,-0.63,0.33,0.24,-0.84,0.87,0.24,-0.27,-0.96,-0.28,-0.83,-0.60,-0.08,-0.22
webcam,-0.05,-0.96,-0.62,-0.67,-0.96,-0.89,-0.75,-0.66,0.88,-0.39,-0.75,-0.17,-0.32,-0.14,0.40,-0.70,-0.68,0.58,2.38,0.37,-0.25,-0.85,-0.72,0.21,-0.52,0.62,-0.29,-0.85,0.65,0.29,2.63,-0.52,-0.85,-0.53,0.42,-0.84,-0.10,4.78,-0.30,0.34,-0.83,0.10,-0.82,1.83,-0.76,-0.57,-0.96,0.23,-0.93,0.88,-0.45,-0.13,0.51,2.28,4.49,-0.96,0.13,-0.47,-0.75,0.28,1.33,-0.04,-0.97,-0.79,-0.84,-0.71,-0.48,-0.75,-0.87,-0.63,-0.47,-0.66,0.88,2.13,1.40,0.20,-0.64,-0.07,-0.79,0.44,1.66,-0.07,-0.91,-0.65,-0.65,-0.49,41.24,-0.83,-0.16,-0.80,-0.80,-0.97
public,0.83,6.20,-0.86,0.37,0.81,-0.41,-0.74,-0.77,-0.43,-0.85,3.18,-0.70,5.17,-0.71,-0.66,-0.41,-0.78,1.38,3.82,-0.86,-0.67,-0.78,-0.49,-0.81,0.43,-0.72,-0.54,0.68,-0.33,-0.66,0.02,-0.77,-0.77,-0.30,2.32,14.00,-0.29,-0.65,1.02,-0.80,-0.90,0.26,-0.68,0.72,-0.68,-0.74,-0.72,-0.43,-0.80,-0.61,0.41,-0.84,-0.83,2.26,-0.70,-0.96,0.19,-0.42,0.16,0.24,-0.91,-0.41,-0.86,-0.44,-0.69,-0.83,-0.51,-0.25,-0.60,-0.86,-0.36,-0.69,2.13,-0.41,0.41,-0.14,-0.80,0.58,0.43,-0.71,-0.53,1.09,-0.07,1.41,-0.10,-0.83,-0.84,0.27,-0.76,-0.84,-0.47,-0.67
hairy,5.84,-0.18,-0.58,4.47,7.79,-0.67,-0.81,-0.70,-0.57,-0.79,-0.82,-0.72,-0.58,-0.69,-0.65,-0.26,-0.78,-0.61,-0.77,5.89,-0.53,-0.80,27.54,-0.76,-0.59,-0.62,-0.10,5.95,-0.72,-0.30,-0.43,-0.81,-0.74,1.12,-0.74,-0.49,-0.29,-0.48,-0.59,-0.88,-0.44,-0.87,0.81,0.22,-0.77,-0.68,-0.82,1.44,1.12,0.33,-0.84,-0.80,-0.58,-0.80,-0.70,1.52,-0.49,-0.53,-0.52,0.13,-0.96,-0.48,-0.68,-0.24,-0.76,-0.88,-0.61,0.70,-0.90,-0.27,-0.77,-0.70,-0.40,0.28,-0.74,-0.06,-0.80,-0.81,-0.34,-0.69,-0.70,-0.44,-0.97,-0.82,-0.65,2.95,-0.72,-0.59,-0.33,-0.68,-0.39,0.12
voyeur,-0.58,1.10,-0.31,-0.04,-0.62,1.22,-0.59,-0.80,0.64,-0.37,-0.83,-0.70,-0.96,-0.34,-0.33,-0.30,-0.68,27.34,-0.21,-0.88,-0.64,-0.44,-0.61,0.34,-0.23,-0.78,0.09,-0.03,-0.42,-0.51,0.22,-0.76,-0.61,0.57,0.49,1.38,0.10,-0.63,-0.19,-0.53,-0.73,0.20,0.32,1.05,-0.92,-0.46,-0.58,0.54,-0.75,-0.66,-0.30,-0.32,-0.62,-0.62,0.30,-0.92,-0.14,0.09,-0.62,0.11,-0.90,-0.66,-0.65,-0.13,0.18,-0.85,2.22,0.07,-0.62,-0.52,3.11,-0.55,-0.73,0.85,0.52,0.40,-0.29,-0.26,2.64,-0.84,-0.12,-0.02,1.49,1.49,-0.74,-0.66,0.58,-0.56,-0.68,-0.54,-0.27,-0.07
oral,-0.65,-0.08,-0.24,-0.52,-0.84,0.17,0.60,-0.39,-0.17,0.15,-0.66,0.66,-0.58,-0.15,1.26,0.44,0.22,-0.27,-0.90,-0.04,-0.31,-0.35,-0.39,0.33,-0.07,-0.74,-0.17,-0.58,0.87,-0.21,-0.59,0.27,-0.04,-0.15,-0.45,-0.47,-0.03,-0.93,-0.17,-0.27,-0.45,-0.35,-0.40,0.16,0.46,0.13,-0.81,0.17,-0.53,0.66,-0.03,0.47,-0.64,-0.73,-0.24,-0.59,-0.30,-0.20,-0.43,0.06,-0.89,-0.29,-0.03,0.06,-0.20,-0.08,0.29,0.13,-0.39,-0.24,-0.06,-0.15,-0.43,-0.09,-0.40,0.70,-0.49,0.05,0.00,-0.35,-0.22,-0.17,0.06,0.13,0.34,0.31,-0.80,-0.32,-0.32,0.26,7.17,-1.00
cute,17.80,-0.91,-0.87,1.10,5.63,-0.86,-0.79,-0.46,1.12,-0.71,0.92,-0.23,1.85,-0.54,0.17,-0.68,-0.60,-0.58,0.57,4.42,-0.42,-0.33,5.84,-0.06,-0.17,-0.39,-0.73,1.77,-0.12,-0.40,0.10,-0.71,-0.80,-0.78,1.15,0.83,-0.20,0.41,-0.06,-0.16,-0.84,0.12,-0.92,-0.74,-0.62,-0.74,-0.97,0.99,-0.97,0.20,0.19,-0.73,-0.90,2.70,0.17,-0.98,0.19,-0.15,-0.68,0.04,1.49,-0.54,-0.95,-0.73,-0.82,-0.87,-0.96,-0.83,-0.92,-0.86,-0.36,-0.30,0.25,0.07,0.05,-0.25,-0.89,-0.29,-0.85,1.93,-0.59,0.10,-0.43,-0.64,-0.46,2.26,-0.05,-0.77,-0.59,-0.89,-0.65,-0.26
naked,0.57,-0.73,-0.90,-0.77,-0.92,-0.93,-0.84,-0.63,0.33,-0.73,3.65,-0.70,5.90,-0.24,0.07,-0.91,-0.96,-0.21,19.80,-0.09,-0.71,-0.93,-0.77,-0.32,0.45,1.00,-0.60,-0.82,0.45,-0.20,1.55,-0.66,-0.92,-0.74,3.29,3.82,-0.06,0.34,1.27,-0.66,-0.85,2.27,-0.98,-0.71,-0.54,-0.95,-0.95,-0.12,-0.96,0.24,0.53,-0.88,-0.57,5.48,-0.08,-0.99,0.42,-0.45,-0.74,0.03,2.19,-0.03,-0.90,-0.93,-0.85,-0.91,-0.94,-0.96,-0.89,-0.90,-0.23,-0.55,2.91,0.27,0.36,-0.53,-0.84,-0.46,-0.74,0.97,-0.62,1.24,-0.48,-0.83,-0.76,-0.66,2.38,-0.86,-0.94,-0.94,-0.90,-0.02
blowjob,-0.68,0.12,0.01,0.04,-0.40,-0.15,0.58,-0.02,-0.14,-0.11,-0.47,0.09,-0.64,-0.33,0.02,1.38,0.37,-0.30,-0.91,-0.80,0.14,0.49,-0.26,-0.13,-0.05,-0.43,-0.06,-0.08,-0.06,-0.11,-0.69,0.27,0.47,-0.33,-0.55,-0.41,-0.21,-0.86,-0.37,-0.16,0.05,-0.43,0.19,-0.19,0.09,0.29,0.87,-0.36,0.23,-0.70,-0.09,0.09,-0.41,-0.86,-0.32,0.15,-0.04,-0.20,-0.66,-0.00,-0.48,0.01,0.38,0.28,0.42,0.32,-0.24,0.14,0.04,-0.14,-0.30,0.01,-0.71,0.01,-0.24,0.51,0.21,0.26,-0.24,-0.47,0.01,-0.34,-0.08,-0.06,0.28,-0.67,-0.70,-0.61,-0.42,0.15,0.44,-0.10
creampie,-0.84,-0.76,-0.20,1.08,-0.81,-0.59,-0.08,-0.50,-0.34,-0.40,-0.84,0.02,-0.91,-0.31,-0.11,0.05,0.84,-0.73,-0.85,-0.12,0.03,-0.43,-0.44,-0.50,-0.45,-0.21,1.33,1.56,-0.49,0.17,-0.66,-0.32,-0.28,-0.69,-0.57,-0.90,-0.58,-0.90,0.86,-0.58,12.95,-0.80,1.97,-0.68,-0.81,-0.23,0.22,-0.69,2.69,-0.65,-0.45,-0.43,2.67,-0.90,-0.41,3.26,0.11,0.48,-0.90,-0.03,0.07,-0.35,0.28,-0.39,-0.09,1.48,-0.32,-0.36,1.76,-0.18,-0.80,-0.51,-0.41,-0.66,0.06,-0.31,-0.37,-0.42,-0.85,-0.63,-0.16,-0.68,-0.65,-0.87,-0.64,-0.36,-0.83,-0.79,0.81,0.38,-0.45,-0.37
amateur,0.05,-0.29,-0.07,-0.22,-0.58,-0.15,-0.47,-0.31,-0.16,-0.19,0.34,-0.46,0.23,-0.36,0.58,-0.24,-0.40,0.52,0.36,-0.46,-0.30,-0.31,-0.74,-0.45,-0.04,-0.02,-0.09,-0.23,-0.14,-0.33,0.12,-0.60,-0.47,-0.47,0.39,0.41,-0.28,0.36,-0.01,-0.04,0.06,0.16,-0.17,1.53,-0.52,-0.41,-0.66,-0.07,0.14,-0.32,-0.14,-0.06,0.03,0.39,1.75,-0.01,0.34,0.24,-0.69,-0.05,-0.08,-0.45,-0.64,-0.09,-0.32,-0.25,0.24,-0.36,0.15,-0.05,0.37,-0.37,0.09,1.29,2.12,-0.14,-0.59,0.40,0.82,-0.12,0.16,-0.21,0.21,-0.16,-0.56,-0.22,1.40,-0.70,0.12,-0.53,-0.40,-0.97
orgy,-0.92,-0.74,0.20,0.38,-0.90,2.73,-0.27,0.86,-0.78,-0.75,0.59,-0.54,-0.62,-0.52,-0.91,0.04,0.30,-0.62,-0.89,-0.58,-0.18,-0.81,-0.90,-0.63,-0.41,-0.83,0.83,0.57,-0.49,-0.65,-0.77,-0.90,-0.44,-0.65,-0.64,-0.60,-0.69,-0.93,0.26,1.55,1.76,-0.18,2.29,0.49,0.14,-0.45,-0.67,-0.35,3.20,-0.86,-0.41,-0.71,1.46,-0.21,-0.67,2.40,0.11,0.66,-0.44,-0.07,-0.92,-0.29,-0.52,-0.21,-0.52,0.92,-0.56,-0.54,7.68,0.10,0.18,0.46,-0.62,-0.74,0.15,-0.54,-0.86,-0.85,0.01,-0.85,-0.66,-0.67,3.63,-0.14,-0.27,-0.53,-0.87,-0.41,-0.40,-0.60,-0.39,-0.71
ebony,-0.73,-0.34,-0.46,-0.84,-0.96,-0.42,0.40,0.07,-0.68,10.14,-0.78,-0.12,-0.88,0.28,0.11,0.09,-0.41,-0.32,-0.88,-0.55,-0.25,0.11,-0.80,0.04,-0.59,-0.37,-0.31,-0.94,-0.29,-0.49,-0.32,-0.11,-0.15,-0.29,-0.81,-0.84,0.92,-0.01,-0.64,-0.50,-0.43,0.29,-0.55,-0.45,-0.63,0.24,0.18,-0.05,-0.80,-0.38,-0.57,17.55,-0.71,-0.59,0.08,-0.77,-0.57,0.02,-0.66,-0.08,-0.81,-0.42,-0.20,0.11,-0.47,-0.24,1.24,4.12,-0.71,-0.47,-0.69,-0.27,-0.56,-0.05,-0.06,0.12,0.24,0.02,-0.28,-0.69,-0.01,-0.47,-0.91,-0.84,-0.25,-0.35,-0.13,-0.75,0.70,-0.32,0.47,-0.53
ass,-0.20,0.11,-0.38,-0.46,-0.52,-0.32,0.10,0.33,0.72,0.81,-0.72,-0.15,-0.37,0.89,0.05,-0.21,-0.52,0.10,-0.06,-0.68,0.50,-0.16,-0.29,0.56,-0.32,0.29,-0.03,-0.51,-0.05,-0.14,0.33,-0.53,-0.53,-0.08,-0.37,-0.29,5.74,-0.09,0.36,-0.06,-0.58,0.17,-0.40,-0.79,-0.16,-0.37,-0.91,0.84,-0.85,0.18,-0.30,0.92,-0.25,-0.20,0.03,-0.92,-0.25,-0.01,-0.02,-0.08,-0.02,0.61,-0.70,-0.13,-0.32,-0.35,-0.20,0.12,-0.69,-0.47,0.23,0.43,-0.20,-0.17,-0.28,-0.17,-0.22,-0.32,-0.70,0.52,0.54,0.92,-0.36,-0.59,-0.20,-0.27,-0.10,-0.08,-0.37,-0.51,-0.03,-0.22
porn,-0.39,-0.62,-0.66,-0.69,-0.79,-0.82,-0.33,-0.23,0.16,-0.18,-0.89,1.15,-0.68,0.43,0.08,-0.43,-0.66,-0.78,1.00,0.39,-0.26,-0.78,-0.62,-0.28,-0.61,16.13,-0.29,-0.87,2.33,-0.17,0.90,-0.78,-0.01,-0.58,0.15,-0.72,0.29,-0.08,-0.36,-0.26,-0.21,0.74,-0.87,-0.60,0.39,-0.64,-0.67,-0.03,-0.89,-0.01,-0.50,-0.37,-0.88,1.54,-0.12,-0.88,-0.06,-0.37,-0.59,-0.17,4.84,1.73,-0.38,0.05,0.73,-0.88,-0.02,-0.72,-0.83,0.10,0.13,-0.18,-0.77,-0.74,-0.02,0.01,-0.80,-0.80,-0.57,2.72,-0.49,0.26,-0.77,-0.87,2.80,-0.14,0.62,-0.74,3.22,-0.24,-0.74,-0.28
masturbation,-0.19,-0.07,-0.40,-0.50,-0.83,-0.67,-0.28,-0.56,-0.04,-0.11,-0.63,0.20,-0.60,0.16,0.97,-0.55,-0.61,-0.06,-0.01,0.88,-0.26,-0.82,-0.44,-0.14,0.29,0.00,-0.47,-0.77,0.27,1.52,0.21,0.80,-0.58,0.09,-0.43,-0.66,-0.15,8.62,-0.37,-0.67,-0.17,-0.34,-0.84,-0.08,-0.14,-0.34,-0.73,0.05,-0.87,4.02,0.27,0.10,2.41,-0.39,0.65,-0.80,-0.05,0.28,-0.69,-0.18,0.39,-0.51,-0.29,-0.63,-0.03,-0.62,0.21,-0.21,-0.86,0.19,-0.53,-0.64,1.94,-0.39,0.05,-0.60,0.45,-0.40,-0.56,-0.06,-0.16,-0.30,-0.84,-0.07,-0.78,0.44,1.76,-0.46,0.26,0.52,0.38,-1.00
threesome,-0.74,0.04,0.09,-0.54,-0.88,0.73,0.24,-0.41,-0.22,0.16,-0.63,-0.13,-0.80,0.04,-0.75,0.29,0.40,-0.46,-0.95,0.08,0.75,0.18,-0.68,-0.36,-0.02,-0.64,-0.41,-0.74,-0.25,-0.06,-0.70,0.23,0.47,0.27,-0.38,-0.74,-0.37,-0.91,-0.55,-0.52,-0.23,-0.54,-0.50,0.17,-0.45,16.00,1.43,-0.43,-0.23,-0.20,0.18,0.24,-0.59,-0.68,-0.55,-0.90,-0.22,-0.40,-0.46,-0.24,-0.61,-0.28,0.91,0.03,-0.12,-0.36,0.68,0.50,-0.45,0.09,-0.32,-0.40,-0.49,-0.68,-0.41,-0.00,0.62,-0.45,0.26,-0.69,0.19,-0.56,-0.63,0.30,-0.51,0.02,-0.57,-0.50,-0.56,0.67,0.13,-0.13
bukkake,-0.98,-0.94,0.13,2.42,1.93,0.06,-0.26,-0.95,-0.96,-0.79,-0.90,0.50,-0.97,-0.70,-0.94,0.15,1.75,-0.92,-0.99,-0.69,-0.33,0.40,1.52,-0.69,-0.55,-0.88,0.91,3.18,-0.83,-0.67,-0.85,-0.93,0.33,-0.38,-0.97,-0.96,-0.92,-0.93,0.47,-0.84,3.26,-0.95,5.38,-0.67,-0.11,-0.90,-0.79,-0.90,5.82,-0.90,-0.89,-0.77,2.89,-0.98,-0.98,12.60,0.13,0.28,-0.88,-0.26,-0.89,-0.95,-0.63,-0.57,-0.36,1.98,-0.93,-0.12,2.40,-0.91,-0.95,-0.90,-0.57,-0.90,-0.01,-0.60,-0.95,-0.97,-0.94,-0.98,-0.95,-0.83,-0.66,0.24,-0.92,0.20,-0.96,-0.86,1.90,-0.48,-0.59,0.03
sex,-0.12,-0.01,-0.50,-0.48,-0.59,-0.02,0.18,-0.10,-0.25,-0.33,-0.75,0.98,-0.37,0.35,1.93,-0.06,-0.39,-0.42,0.45,-0.25,0.04,-0.75,-0.72,-0.22,-0.39,2.33,-0.09,-0.73,6.93,-0.46,0.77,0.05,-0.39,-0.40,-0.15,-0.33,-0.05,-0.55,-0.28,-0.18,-0.49,0.13,-0.66,-0.70,0.19,-0.25,-0.87,-0.12,-0.88,0.53,-0.27,-0.29,-0.80,1.22,0.08,-0.83,-0.14,-0.25,0.52,-0.26,3.18,1.54,-0.91,0.02,0.01,-0.85,-0.72,-0.44,-0.49,-0.46,-0.42,-0.11,-0.64,0.10,-0.14,0.21,-0.62,-0.18,-0.60,1.31,-0.19,-0.04,-0.47,-0.77,0.98,-0.20,0.65,0.55,-0.55,-0.50,0.87,-0.94
young,1.12,-0.57,-0.51,-0.41,0.13,0.02,-0.54,-0.30,11.55,-0.61,-0.76,0.09,-0.34,-0.44,-0.26,-0.14,-0.54,0.64,0.33,-0.27,-0.15,-0.08,-0.57,0.37,-0.45,0.16,0.05,-0.36,-0.25,-0.22,2.05,0.25,-0.42,-0.43,1.42,-0.43,0.72,0.21,0.01,0.09,-0.34,-0.36,-0.28,-0.37,-0.62,-0.22,-0.38,0.22,-0.91,-0.59,-0.34,-0.68,-0.57,0.05,0.38,-0.96,0.97,-0.31,-0.60,-0.27,0.20,0.90,-0.15,-0.19,-0.35,-0.77,-0.45,-0.74,-0.78,0.02,1.45,0.34,-0.62,1.15,-0.16,0.06,-0.46,-0.14,-0.53,0.26,-0.34,-0.01,0.34,-0.35,-0.05,-0.22,0.88,-0.45,0.14,-0.23,-0.17,-0.05
handjob,-0.82,-0.48,0.25,-0.21,-0.74,0.25,0.96,0.80,-0.35,-0.50,-0.77,1.65,-0.89,-0.02,-0.01,0.42,-0.00,0.18,-0.85,-0.43,-0.16,0.01,-0.76,-0.29,-0.32,0.73,-0.58,-0.59,0.01,0.00,-0.71,-0.10,0.72,1.12,-0.69,-0.69,-0.32,-0.87,-0.74,-0.73,-0.09,-0.14,-0.54,0.40,0.51,-0.12,-0.26,-0.56,-0.27,-0.67,-0.41,-0.47,-0.86,-0.91,-0.05,-0.36,-0.13,-0.43,0.32,-0.29,-0.83,1.01,0.18,-0.15,17.90,-0.38,-0.56,-0.46,-0.52,0.19,-0.68,-0.06,-0.65,-0.39,-0.32,-0.30,0.29,1.39,-0.24,0.47,-0.23,0.27,-0.21,1.78,2.35,-0.67,-0.84,-0.04,-0.12,0.19,-0.20,-0.06
gangbang,-0.92,-0.65,-0.03,1.37,0.67,1.60,-0.06,-0.80,-0.28,-0.53,-0.86,-0.33,-0.87,-0.70,-0.91,0.19,0.52,0.32,-0.98,-0.91,-0.07,0.12,0.81,-0.12,-0.51,-0.87,0.89,1.87,-0.66,-0.63,-0.70,-0.74,-0.14,-0.50,-0.33,-0.68,-0.40,-0.96,0.45,-0.67,1.97,-0.93,9.04,-0.47,-0.14,-0.50,-0.53,-0.55,4.41,-0.90,-0.74,-0.55,1.72,-0.58,-0.88,5.38,-0.01,-0.07,-0.01,-0.32,-0.86,-0.53,-0.65,-0.31,-0.54,1.26,-0.55,0.08,2.29,-0.80,0.71,-0.80,-0.64,0.05,-0.17,-0.70,-0.80,-0.86,-0.53,-0.92,-0.45,-0.43,1.04,-0.76,-0.22,-0.09,-0.82,-0.03,-0.02,-0.40,-0.40,-0.21
hardcore,-0.73,-0.01,0.06,-0.22,-0.31,0.04,-0.22,-0.11,-0.19,0.01,-0.44,-0.31,-0.47,-0.26,-0.42,0.28,-0.18,-0.13,-0.93,-0.61,-0.06,0.09,-0.24,0.07,-0.02,0.05,0.06,-0.31,0.02,-0.24,-0.54,0.19,0.17,0.11,-0.46,-0.44,-0.13,-0.82,-0.49,-0.14,-0.39,-0.05,-0.31,-0.11,0.35,0.03,0.87,-0.03,-0.41,-0.53,-0.09,0.11,-0.86,-0.63,-0.28,-0.57,-0.06,-0.03,0.10,-0.39,-0.23,0.13,0.03,1.74,-0.15,0.03,0.83,0.12,-0.21,-0.03,-0.11,0.03,-0.64,-0.18,-0.09,-0.07,-0.07,-0.05,0.62,-0.29,-0.00,-0.22,0.07,-0.04,-0.11,-0.49,-0.79,0.08,-0.06,0.02,0.06,0.45
tattoo,-0.89,-0.03,-0.34,-0.68,-0.99,-0.68,0.64,-0.67,-0.46,0.17,-0.40,-0.71,-0.89,0.23,-0.58,0.21,0.74,-0.29,-0.84,0.03,0.23,1.98,-0.80,-0.45,0.72,-0.80,-0.58,-0.99,-0.62,0.72,-0.42,3.12,0.83,-0.31,-0.93,-0.80,-0.22,1.02,-0.45,-0.81,-0.37,-0.61,-0.80,-0.88,-0.02,0.62,2.47,-0.54,-0.68,-0.09,0.59,0.24,0.74,-0.81,-0.26,-0.95,-0.47,-0.46,-0.79,-0.43,-0.93,-0.64,1.98,-0.07,0.29,0.43,0.07,0.31,-0.86,-0.57,-0.89,-0.68,0.13,0.01,-0.59,-0.72,35.55,0.82,-0.48,-0.82,0.89,-0.45,-0.91,-0.57,-0.74,-0.14,-0.64,-0.33,-0.64,0.21,-0.49,-0.73
cumshot,-0.80,-0.05,0.04,-0.26,-0.37,-0.34,0.42,-0.25,-0.42,-0.14,-0.50,0.61,-0.86,-0.12,-0.20,0.47,1.92,-0.61,-0.92,-0.70,0.36,1.13,-0.74,-0.30,0.23,-0.01,-0.53,-0.48,-0.39,0.09,-0.77,0.42,3.58,-0.28,-0.74,-0.77,-0.53,-0.91,-0.49,-0.34,-0.28,-0.42,-0.14,-0.52,0.27,0.47,1.88,-0.58,-0.24,-0.65,0.17,-0.15,-0.85,-0.84,-0.30,0.33,-0.31,-0.52,-0.66,-0.44,-0.57,-0.22,0.98,0.17,0.72,0.11,-0.40,0.14,-0.44,-0.05,-0.71,-0.23,-0.84,-0.44,-0.47,-0.50,0.83,0.39,-0.47,-0.25,0.33,-0.36,-0.49,0.02,0.23,-0.57,-0.85,-0.60,0.48,0.43,-0.04,-0.05
hot,1.93,-0.63,-0.45,-0.63,-0.92,-0.75,-0.42,0.21,0.26,-0.56,-0.73,0.69,-0.15,0.16,0.38,-0.47,-0.48,-0.84,0.97,-0.58,-0.38,-0.78,-0.69,0.09,-0.33,2.72,-0.11,-0.68,1.31,-0.23,1.97,-0.57,-0.25,-0.81,-0.23,-0.71,0.52,0.06,0.11,0.34,-0.63,1.89,-0.92,-0.94,0.24,-0.69,-0.89,0.53,-0.95,-0.03,-0.08,-0.69,-0.58,1.38,0.06,-0.98,-0.03,0.29,-0.82,-0.46,3.08,1.28,-0.86,-0.29,0.47,-0.81,-0.60,-0.77,-0.85,-0.64,0.03,0.00,-0.46,0.07,-0.12,0.44,-0.82,-0.60,-0.75,11.90,-0.18,0.57,-0.41,-0.87,2.14,-0.52,0.44,-0.83,-0.61,-0.74,-0.35,0.07
teen,0.19,-0.30,-0.33,-0.12,-0.46,-0.16,-0.41,-0.25,0.97,-0.56,0.48,-0.27,0.56,-0.47,-0.16,-0.04,-0.23,-0.14,0.42,-0.26,-0.24,-0.21,-0.49,-0.54,0.05,-0.06,-0.08,-0.10,-0.14,-0.25,0.04,-0.13,-0.31,-0.58,0.81,0.19,-0.25,0.15,0.03,-0.07,0.11,0.13,-0.01,0.26,-0.16,-0.22,-0.46,-0.10,0.13,-0.29,-0.03,-0.57,0.10,0.33,0.00,0.13,2.07,0.27,-0.66,-0.47,-0.11,-0.09,-0.41,-0.06,-0.13,-0.24,-0.28,-0.56,0.11,-0.38,0.60,-0.20,0.11,0.40,0.34,-0.49,-0.47,-0.18,-0.06,-0.03,-0.31,-0.09,-0.17,0.00,-0.16,-0.02,0.13,-0.58,-0.37,-0.51,-0.30,-0.73
toys,0.20,-0.10,-0.29,-0.35,-0.83,-0.57,-0.64,-0.72,-0.59,-0.46,-0.63,-0.50,0.50,0.40,0.58,-0.70,-0.63,-0.66,0.24,1.74,0.09,-0.79,0.33,0.60,0.14,-0.01,-0.57,-0.52,0.53,1.16,-0.01,0.11,-0.65,1.11,-0.63,-0.61,0.18,3.42,-0.10,-0.69,-0.65,-0.33,-0.90,-0.58,0.11,-0.20,-0.92,0.36,-0.88,25.21,0.04,-0.38,1.40,-0.04,0.52,-0.90,-0.29,-0.30,0.46,-0.47,0.26,-0.74,-0.41,-0.53,-0.67,-0.58,-0.31,-0.63,-0.86,0.00,-0.65,-0.71,4.51,-0.72,-0.32,-0.30,-0.09,-0.53,-0.46,-0.03,0.06,0.07,-0.89,0.28,-0.85,2.17,0.88,0.93,0.18,0.19,0.66,-0.27
deepthroat,-0.79,-0.26,0.09,-0.48,-0.90,-0.12,23.35,-0.06,-0.54,0.16,-0.60,0.63,-0.92,0.91,0.50,0.58,0.87,-0.59,-0.84,-0.93,0.37,0.41,-0.81,0.59,0.04,-0.33,-0.67,-0.66,0.18,0.21,-0.60,0.64,0.42,-0.01,-0.66,-0.74,0.10,-0.86,-0.47,-0.29,-0.08,-0.42,-0.06,-0.67,0.10,0.24,0.10,-0.41,-0.24,-0.64,0.07,0.40,-0.91,-0.88,-0.35,-0.26,-0.41,-0.54,-0.07,-0.50,-0.67,0.08,0.50,-0.22,0.96,-0.43,-0.36,0.34,-0.27,-0.64,-0.39,0.49,-0.75,-0.46,-0.47,0.38,0.64,0.30,-0.54,-0.42,0.08,0.07,-0.44,-0.59,-0.22,-0.90,-0.75,0.05,-0.70,0.59,0.60,-0.88
party,-0.43,-0.84,0.19,-0.89,-0.95,4.77,-0.44,1.12,0.34,-0.92,1.06,-0.84,-0.68,-0.70,-0.92,-0.08,-0.64,1.49,-0.48,-0.55,-0.34,-0.84,-0.97,0.05,-0.26,-0.77,-0.08,-0.82,-0.47,-0.64,-0.27,-0.87,-0.49,-0.77,0.94,-0.07,-0.36,-0.94,-0.40,2.36,-0.65,0.02,1.04,3.01,0.30,-0.63,-0.53,0.16,0.64,-0.89,-0.20,-0.91,-0.91,-0.09,-0.54,-0.66,-0.17,0.01,-0.90,-0.52,-0.96,-0.67,-0.35,0.07,-0.21,-0.83,-0.25,-0.87,3.63,0.43,4.29,0.52,-0.91,-0.25,0.21,-0.13,-0.91,-0.82,1.62,-0.41,-0.81,-0.30,12.53,0.88,-0.78,-0.61,-0.91,-0.82,-0.76,-0.55,0.06,0.57
groupsex,-0.97,-0.73,0.28,1.80,0.94,0.72,-0.24,-0.78,-0.91,-0.84,-0.91,-0.77,-0.80,-0.67,-0.94,0.23,0.62,-0.75,-0.96,-0.59,-0.23,0.44,1.12,-0.71,-0.53,-0.89,1.33,2.56,-0.88,-0.49,-0.96,-0.81,-0.24,-0.78,-0.62,-0.80,-0.85,-0.99,0.61,-0.80,2.69,-0.97,4.41,0.52,-0.14,-0.23,-0.29,-0.88,10.62,-0.88,-0.83,-0.80,2.23,-0.80,-0.89,5.82,0.13,0.28,-0.78,-0.53,-0.98,-0.92,-0.10,-0.41,-0.27,2.17,-0.93,-0.44,3.20,-0.78,-0.62,-0.65,-0.56,-0.94,0.14,-0.76,-0.68,-0.93,-0.34,-0.95,-0.88,-0.79,0.64,-0.22,-0.81,0.16,-0.93,-0.76,-0.22,-0.22,-0.53,-0.40
facial,-0.60,-0.19,-0.25,0.09,-0.82,-0.42,0.87,-0.53,-0.54,-0.29,-0.75,0.63,-0.88,0.15,-0.49,0.37,5.42,-0.68,-0.96,-0.76,0.25,0.93,-0.78,-0.17,0.10,-0.66,0.05,0.05,-0.39,-0.27,-0.72,0.30,1.92,-0.52,-0.76,-0.78,-0.52,-0.84,0.08,-0.62,0.84,-0.76,0.52,-0.66,-0.07,0.40,0.74,-0.65,0.62,-0.63,0.14,-0.41,0.50,-0.92,-0.52,1.75,-0.23,-0.30,-0.77,-0.54,-0.18,-0.51,0.17,-0.18,-0.00,0.56,-0.64,0.07,0.30,-0.52,-0.77,-0.36,-0.74,-0.47,-0.40,-0.30,0.74,0.49,-0.64,-0.48,0.35,-0.32,-0.64,-0.04,-0.54,-0.88,-0.68,-0.74,0.45,0.19,0.22,0.24
asian,1.10,0.80,-0.17,6.75,6.34,-0.64,-0.48,-0.79,-0.41,-0.73,-0.94,-0.62,-0.77,-0.58,-0.54,0.04,0.09,-0.04,-0.77,1.01,-0.42,-0.14,4.47,-0.70,-0.61,-0.69,0.33,5.36,-0.48,0.01,0.04,-0.59,-0.26,0.31,-0.60,0.37,-0.46,-0.52,0.00,-0.79,1.08,-0.76,1.37,-0.93,-0.48,-0.54,-0.13,-0.11,1.80,-0.35,-0.92,-0.84,0.76,-0.58,-0.76,2.42,-0.12,-0.04,-0.40,-0.57,-0.87,-0.51,-0.32,-0.22,-0.21,0.51,-0.87,0.32,0.38,-0.38,-0.84,-0.75,-0.54,-0.76,-0.22,-0.40,-0.68,-0.66,-0.68,-0.63,-0.77,-0.44,-0.89,-0.93,-0.49,0.72,-0.67,-0.32,0.19,-0.46,-0.52,-0.08
dildo,0.25,-0.30,-0.55,-0.54,-0.90,-0.80,-0.75,-0.28,-0.62,-0.63,2.61,-0.39,4.10,-0.60,-0.73,-0.71,-0.74,-0.73,2.91,1.19,-0.29,-0.80,-0.40,-0.22,0.47,-0.77,-0.43,-0.57,-0.64,0.50,0.12,-0.12,-0.84,0.13,1.34,2.13,-0.20,2.91,0.92,-0.66,-0.41,0.33,-0.64,-0.62,-0.47,-0.49,-0.80,-0.08,-0.56,4.51,0.48,-0.56,4.98,1.29,-0.21,-0.57,0.11,-0.09,0.05,-0.58,-0.83,-0.27,-0.15,-0.64,-0.65,-0.32,-0.63,-0.78,-0.62,-0.35,-0.65,-0.79,11.44,-0.70,0.09,-0.61,0.13,-0.75,-0.67,-0.46,-0.58,0.65,-0.91,-0.45,-0.63,1.26,0.88,0.29,-0.61,-0.18,-0.43,-0.47
mature,-0.86,-0.70,4.17,-0.38,0.37,0.46,-0.64,0.88,0.02,-0.13,0.70,-0.35,-0.89,-0.17,-0.31,-0.14,-0.52,-0.52,-0.90,-0.23,0.13,-0.67,-0.27,0.02,-0.09,0.10,-0.05,-0.34,-0.46,-0.13,-0.80,-0.70,-0.05,0.29,-0.47,-0.86,-0.47,-0.35,-0.17,1.31,-0.18,-0.08,-0.80,0.01,0.16,0.09,-0.27,-0.12,-0.78,0.00,0.05,-0.47,-0.44,-0.85,-0.36,-0.91,-0.38,-0.09,-0.41,-0.59,-0.16,-0.49,-0.17,-0.03,0.19,-0.16,-0.05,0.41,0.10,12.14,-0.81,0.49,-0.35,-0.89,-0.05,-0.30,-0.57,-0.47,-0.34,-0.64,-0.46,-0.49,0.43,0.49,-0.62,-0.29,-0.63,-0.29,1.20,1.08,-0.24,2.17
teens,1.15,-0.64,-0.79,-0.60,-0.77,0.37,-0.66,-0.78,1.42,-0.83,2.06,-0.30,4.04,-0.83,-0.54,-0.55,-0.76,0.49,3.29,1.16,-0.55,-0.83,-0.74,-0.26,0.00,0.15,-0.07,-0.65,-0.15,-0.48,0.02,-0.67,-0.74,-0.68,9.40,2.32,-0.37,-0.71,0.76,-0.49,-0.57,0.23,-0.33,3.81,-0.92,-0.38,-0.56,-0.37,-0.62,-0.63,0.13,-0.81,-0.78,3.04,-0.33,-0.97,0.81,-0.59,-0.72,-0.60,0.18,-0.40,-0.27,-0.46,-0.69,-0.77,-0.61,-0.89,-0.64,-0.47,3.13,-0.63,1.34,-0.24,0.39,-0.27,-0.93,-0.34,0.22,-0.23,-0.74,0.58,0.94,0.79,-0.69,0.04,0.42,-0.65,1.19,-0.14,-0.45,-0.36
homemade,0.17,-0.68,-0.16,-0.76,-0.97,-0.64,-0.35,-0.62,0.38,0.04,-0.70,-0.26,-0.68,-0.07,4.88,-0.32,-0.52,0.30,-0.08,-0.81,-0.40,-0.06,-0.70,0.13,-0.22,-0.12,-0.39,-0.95,0.08,0.19,0.84,-0.21,-0.30,-0.65,-0.33,-0.70,0.03,1.69,-0.58,-0.41,-0.41,-0.36,-0.88,2.83,-0.71,-0.55,-0.79,-0.38,-0.89,0.52,-0.40,0.08,-0.10,-0.18,18.49,-0.98,0.00,-0.18,-0.82,-0.61,0.22,-0.29,-0.74,-0.28,-0.05,-0.85,-0.79,-0.51,-0.67,-0.36,1.00,-0.71,-0.21,5.73,1.75,-0.24,-0.26,2.42,0.66,0.06,-0.03,-0.28,-0.54,-0.74,-0.16,-0.64,4.49,-0.82,-0.66,-0.71,-0.24,-0.32
pornstar,-0.62,-0.27,0.46,-0.48,0.15,0.27,0.10,0.55,-0.62,-0.62,0.41,0.34,-0.46,0.01,0.00,0.09,-0.07,-0.92,-0.54,-0.46,0.28,0.65,-0.77,0.53,0.24,0.39,-0.33,-0.50,0.19,-0.18,-0.68,-0.24,0.27,-0.53,-0.92,-0.68,-0.16,0.08,-0.51,1.05,-0.81,0.15,-0.14,-0.93,6.88,-0.45,-0.71,-0.01,-0.14,0.11,0.05,-0.63,-0.44,-0.67,-0.71,-0.11,-0.16,0.08,-0.91,-0.61,-0.50,0.32,-0.55,0.35,0.51,0.31,-0.82,-0.59,0.14,0.16,-0.77,0.48,-0.47,-0.75,-0.52,-0.66,-0.02,-0.33,-0.51,0.24,-0.40,0.33,0.30,-0.50,0.93,-0.10,-0.76,-0.87,-0.77,-0.38,0.46,-0.76
shaved,-0.71,-0.04,-0.33,-0.59,-0.94,-0.65,0.64,-0.66,0.25,-0.41,-0.19,0.24,-0.75,-0.28,0.97,0.27,0.30,-0.76,-0.66,-0.78,0.13,0.70,-0.81,0.01,0.46,-0.78,-0.58,-0.88,0.05,0.61,-0.44,25.38,0.42,-0.46,-0.67,-0.77,-0.53,0.69,-0.81,-0.73,-0.32,-0.69,-0.74,-0.87,-0.24,0.23,2.58,-0.22,-0.81,0.11,0.51,-0.11,-0.06,-0.85,-0.21,-0.93,-0.13,-0.65,-0.60,-0.64,-0.90,-0.75,0.83,0.19,-0.10,0.27,-0.30,0.05,-0.90,-0.70,-0.75,-0.44,-0.12,-0.18,-0.60,-0.74,3.12,1.01,-0.71,-0.57,0.54,0.05,-0.87,-0.37,-0.68,-0.26,-0.52,-0.57,-0.18,0.38,0.27,-0.30
couple,0.17,-0.23,-0.25,-0.54,-0.88,-0.88,0.50,-0.24,-0.26,-0.48,-0.58,1.69,-0.60,0.28,27.11,0.02,-0.49,-0.33,0.07,-0.86,-0.21,-0.07,-0.65,-0.07,-0.11,0.08,-0.04,-0.84,1.93,0.05,0.15,0.97,-0.20,-0.39,-0.54,-0.66,0.05,0.09,-0.71,-0.44,-0.11,-0.39,-0.91,0.37,0.00,-0.75,-0.84,-0.22,-0.94,0.58,-0.21,0.11,-0.64,-0.07,4.88,-0.94,-0.16,-0.28,-0.57,-0.64,0.18,-0.13,-0.73,-0.42,-0.01,-0.89,-0.92,-0.42,-0.91,-0.31,-0.57,-0.38,-0.73,3.53,0.58,0.10,-0.58,1.15,-0.38,0.38,0.00,-0.10,-0.92,-0.65,-0.35,-0.81,0.40,-0.43,-0.79,-0.34,1.26,-0.59
reality,-0.85,-0.15,-0.23,-0.68,-0.94,0.97,-0.54,-0.74,-0.53,-0.60,-0.78,-0.70,-0.89,-0.24,-0.38,-0.24,-0.64,2.64,-0.74,-0.59,-0.73,-0.32,-0.34,-0.61,-0.04,-0.57,-0.45,-0.91,-0.60,-0.38,-0.73,-0.71,-0.47,-0.17,0.22,0.43,-0.70,-0.67,-0.78,-0.44,-0.85,0.36,-0.53,4.79,-0.51,0.26,-0.31,0.66,-0.34,-0.46,-0.18,-0.28,-0.84,-0.81,0.66,-0.94,-0.06,0.54,0.04,-0.66,-0.97,-0.54,-0.29,0.62,-0.24,-0.76,5.54,-0.37,0.01,-0.34,2.38,-0.59,-0.67,1.09,0.82,0.13,-0.48,1.31,11.36,-0.75,-0.15,-0.60,1.62,1.25,-0.66,-0.22,-0.79,-0.09,-0.64,-0.52,0.00,-0.70
sexy,0.12,-0.77,-0.18,-0.76,-0.95,-0.15,-0.42,0.47,-0.36,0.10,1.38,-0.10,1.19,-0.44,-0.39,-0.43,-0.76,0.20,2.27,-0.44,-0.43,-0.81,-0.87,-0.27,0.11,0.74,-0.34,-0.84,0.13,-0.48,0.94,-0.69,-0.42,-0.42,0.23,0.26,0.17,-0.28,0.16,0.95,-0.80,4.79,-0.93,-0.93,0.15,-0.54,-0.94,0.61,-0.97,-0.33,0.23,0.29,-0.76,1.48,-0.36,-0.95,0.13,1.03,-0.66,-0.69,0.78,-0.06,-0.83,-0.05,-0.14,-0.83,1.69,-0.09,-0.18,-0.08,-0.08,0.04,0.33,-0.32,0.16,-0.23,-0.61,-0.79,0.36,1.89,-0.19,0.35,0.02,-0.89,0.54,-0.51,0.10,-0.67,-0.80,-0.61,-0.35,-0.31
japan,5.63,0.30,0.68,6.34,25.40,-0.56,-0.90,-0.87,0.13,-0.93,-0.98,-0.76,-0.96,-0.85,-0.88,-0.40,-0.82,-0.62,-0.92,5.08,-0.32,0.85,7.79,-0.78,-0.53,-0.79,-0.73,8.35,-0.59,-0.74,0.69,-0.94,-0.37,-0.35,-0.77,0.81,-0.52,-0.93,-0.87,-0.91,-0.81,-0.95,0.67,-0.93,0.15,-0.88,-0.92,0.71,0.94,-0.83,-0.99,-0.96,-0.70,-0.88,-0.97,1.93,-0.46,-0.87,-0.76,-0.74,-0.95,-0.87,-0.92,-0.31,-0.74,0.18,-0.99,-0.69,-0.90,0.37,-0.92,-0.86,-0.90,-0.92,-0.58,-0.79,-0.99,-0.91,-0.94,-0.92,-0.96,-0.54,-0.95,-0.97,-0.86,3.71,-0.96,-0.78,-0.40,-0.86,-0.84,1.23
toy,-0.90,-0.33,-0.55,0.76,-0.70,-0.70,-0.91,-0.93,-0.57,-0.73,-0.52,-0.71,-0.92,-0.76,-0.64,-0.41,0.50,-0.62,-0.57,1.14,-0.50,-0.75,-0.58,-0.53,-0.28,-0.88,1.00,1.09,-0.80,-0.06,-0.39,-0.06,-0.85,0.92,-0.78,-0.83,-0.25,3.82,0.88,-0.77,2.67,-0.76,1.72,-0.42,-0.44,-0.59,-0.88,-0.32,2.23,1.40,-0.31,-0.71,21.13,-0.88,-0.10,2.89,0.10,1.36,0.70,-0.81,-0.98,-0.48,-0.64,-0.86,-0.86,1.46,-0.98,-0.83,1.46,-0.44,-0.74,-0.87,4.98,-0.37,0.03,-0.82,0.74,-0.83,-0.84,-0.58,-0.67,-0.58,-0.91,0.90,-0.55,0.84,0.51,1.07,-0.77,-0.53,-0.64,0.46
girl,0.10,-0.66,-0.79,0.04,0.69,-0.72,-0.60,0.23,2.05,0.12,-0.24,0.16,0.60,0.24,0.15,-0.69,-0.72,0.22,1.55,-0.11,-0.44,-0.87,-0.43,-0.56,-0.44,0.90,-0.15,0.14,0.77,-0.45,38.30,-0.44,-0.77,-0.51,0.02,0.02,0.33,1.15,0.25,0.48,-0.66,0.94,-0.70,-0.56,-0.68,-0.70,-0.95,0.20,-0.96,-0.01,-0.28,-0.32,-0.39,2.29,0.84,-0.85,0.04,-0.24,0.15,-0.83,0.67,0.60,-0.95,-0.54,-0.71,-0.88,-0.93,-0.60,-0.77,-0.80,0.09,-0.14,0.12,1.03,0.12,0.40,-0.42,-0.22,-0.73,1.97,0.14,0.22,-0.27,-0.26,0.14,0.14,2.63,0.08,-0.30,-0.75,-0.59,-0.06
POV,-0.29,0.06,-0.16,-0.66,-0.91,-0.83,0.30,-0.57,-0.14,-0.11,-0.56,0.28,-0.86,0.01,1.15,0.26,0.49,-0.26,-0.46,-0.88,-0.21,0.52,-0.81,-0.10,0.31,-0.80,-0.44,-0.83,-0.18,-0.46,-0.22,1.01,0.39,-0.56,-0.34,0.58,-0.32,-0.35,-0.70,-0.36,-0.42,-0.79,-0.86,1.60,-0.33,-0.45,-0.08,-0.58,-0.93,-0.53,0.18,0.02,-0.83,-0.89,2.42,-0.97,-0.18,-0.40,-0.48,-0.84,-0.62,-0.48,-0.82,-0.05,1.39,-0.05,-0.31,-0.46,-0.85,-0.47,-0.63,-0.58,-0.75,4.80,0.40,0.30,0.82,28.56,1.31,-0.60,1.20,-0.42,-0.82,2.42,-0.39,-0.84,-0.07,-0.75,-0.49,-0.08,0.05,-0.87
xxx,1.49,-0.91,-0.77,-0.87,-0.95,-0.73,-0.67,-0.64,0.20,-0.63,-0.92,0.32,-0.78,-0.05,0.18,-0.48,-0.18,-0.90,2.19,0.89,0.41,-0.84,-0.96,-0.19,-0.50,4.84,-0.29,-0.98,3.18,0.36,0.67,-0.90,-0.57,-0.91,0.18,-0.91,-0.02,0.11,0.06,-0.59,0.07,0.78,-0.86,-0.90,-0.50,-0.61,-0.48,0.46,-0.98,0.26,-0.11,-0.81,-0.98,3.43,0.22,-0.89,-0.11,0.25,-0.77,-0.84,28.54,1.52,0.05,-0.23,-0.83,-0.91,0.93,-0.77,-0.92,-0.16,-0.64,-0.31,-0.83,-0.82,-0.08,-0.57,-0.93,-0.62,-0.97,3.08,-0.60,-0.37,-0.96,-0.80,-0.13,-0.14,1.33,-0.96,0.88,0.12,-0.89,-0.26
latina,-0.59,0.33,-0.07,-0.77,-0.96,-0.67,0.08,-0.28,-0.34,0.06,-0.80,-0.19,-0.77,0.35,0.00,0.01,0.35,-0.12,-0.62,-0.82,0.30,-0.06,-0.70,-0.17,0.10,-0.49,-0.17,-0.71,-0.19,-0.32,0.14,0.54,0.33,-0.51,-0.74,-0.53,0.54,0.85,-0.13,-0.05,-0.16,-0.19,-0.45,-0.68,-0.40,0.19,0.64,-0.20,-0.88,0.06,-0.60,-0.01,-0.67,-0.29,-0.03,-0.95,-0.31,-0.44,-0.80,-0.85,-0.60,-0.13,0.06,-0.00,-0.23,0.14,0.01,0.31,-0.66,-0.46,-0.70,-0.44,-0.58,0.80,0.16,0.14,0.89,1.20,-0.15,-0.18,29.91,-0.16,-0.81,-0.85,-0.38,-0.34,1.66,-0.76,0.62,-0.45,-0.22,-0.89
slut,-0.16,-0.70,0.86,-0.79,-0.91,1.53,-0.29,3.14,0.09,-0.23,2.26,0.32,-0.85,-0.50,-0.44,-0.16,-0.62,-0.53,-0.66,-0.85,0.39,-0.76,-0.88,-0.27,0.07,-0.26,-0.13,-0.90,-0.18,-0.71,0.48,-0.73,-0.34,-0.52,-0.49,-0.80,-0.06,-0.29,-0.56,17.30,-0.58,0.95,-0.67,-0.52,1.05,-0.52,-0.90,0.47,-0.80,-0.69,0.25,-0.50,-0.77,-0.74,-0.41,-0.84,-0.07,0.48,-0.72,-0.86,-0.59,0.02,-0.93,-0.14,-0.73,-0.67,-0.98,-0.53,1.55,1.31,-0.18,2.10,-0.66,-0.07,-0.04,1.16,-0.81,-0.36,-0.44,0.34,-0.05,-0.42,2.36,-0.10,0.82,-0.79,0.34,-0.81,-0.52,-0.68,-0.27,-0.87
japanese,1.77,0.99,0.08,5.36,8.35,-0.61,-0.66,-0.91,-0.36,-0.90,-0.96,-0.80,-0.77,-0.80,-0.84,-0.08,0.05,-0.03,-0.82,1.51,-0.53,-0.21,5.95,-0.69,-0.67,-0.87,0.49,8.15,-0.73,-0.17,0.14,-0.88,-0.48,0.24,-0.65,0.68,-0.51,-0.87,0.09,-0.90,1.56,-0.84,1.87,-0.96,-0.50,-0.74,-0.47,-0.05,2.56,-0.52,-0.98,-0.94,1.09,-0.59,-0.95,3.18,-0.10,-0.03,-0.54,-0.91,-0.98,-0.63,-0.52,-0.31,-0.59,0.81,-0.99,0.03,0.57,-0.34,-0.90,-0.93,-0.57,-0.93,-0.23,-0.55,-0.99,-0.83,-0.91,-0.68,-0.71,-0.52,-0.82,-0.99,-0.52,1.11,-0.85,-0.63,0.41,-0.59,-0.58,-0.34
european,-0.64,0.87,-0.45,-0.93,-0.97,1.19,-0.59,-0.77,-0.35,-0.84,-0.80,-0.02,-0.67,-0.43,-0.65,-0.06,-0.04,1.49,-0.83,1.13,-0.47,-0.12,-0.82,-0.76,-0.19,-0.87,0.33,-0.99,-0.77,-0.28,-0.26,-0.37,0.02,2.46,0.79,1.41,-0.59,0.51,-0.70,-0.10,-0.87,-0.89,-0.76,2.58,-0.50,0.30,-0.12,-0.60,-0.22,0.28,-0.19,-0.84,0.90,-0.78,-0.74,0.24,0.00,-0.26,-0.39,-0.91,-0.80,-0.45,-0.09,-0.04,1.78,-0.40,-0.86,-0.60,-0.14,0.49,-0.89,-0.35,-0.45,-0.38,-0.16,0.87,-0.57,2.42,1.25,-0.87,-0.85,-0.43,0.88,47.12,-0.75,0.05,-0.65,-0.69,0.51,4.19,0.13,-0.63
doggystyle,-0.33,-0.05,0.39,-0.14,0.85,-0.82,0.41,-0.54,-0.08,-0.28,-0.76,-0.65,-0.86,-0.07,-0.07,0.49,0.93,-0.44,-0.93,-0.94,0.50,14.36,-0.80,0.24,0.57,-0.78,-0.64,-0.21,-0.75,0.38,-0.87,0.70,1.13,-0.74,-0.83,-0.78,-0.16,-0.95,-0.82,-0.76,-0.43,-0.81,0.12,-0.65,0.65,0.18,1.68,-0.63,0.44,-0.79,0.32,0.11,-0.75,-0.93,-0.06,0.40,-0.21,-0.75,-0.90,-0.91,-0.84,-0.57,1.45,0.09,0.01,0.79,-0.89,-0.24,-0.81,-0.67,-0.54,-0.64,-0.80,0.12,-0.31,-0.55,1.98,0.52,-0.32,-0.78,-0.06,-0.27,-0.84,-0.12,-0.73,0.01,-0.85,-0.89,-0.34,0.95,-0.35,-0.67
girls,2.70,-0.75,-0.89,-0.58,-0.88,-0.53,-0.88,-0.32,0.05,-0.39,2.21,-0.64,4.54,0.01,-0.07,-0.86,-0.92,-0.62,5.48,0.57,-0.77,-0.93,-0.80,-0.43,0.05,1.54,-0.60,-0.59,1.22,-0.40,2.29,-0.85,-0.84,-0.74,3.04,2.26,-0.20,0.12,0.79,-0.74,-0.90,1.48,-0.58,-0.73,-0.67,-0.68,-0.97,0.00,-0.80,-0.04,0.33,-0.59,-0.88,17.85,-0.18,-0.98,0.33,-0.30,-0.21,-0.93,3.43,0.12,-0.97,-0.63,-0.91,-0.96,-0.99,-0.89,-0.21,-0.85,-0.66,-0.67,1.29,0.01,0.39,-0.48,-0.81,-0.89,-0.81,1.38,-0.29,0.74,-0.09,-0.78,-0.40,-0.03,2.28,-0.34,0.55,-0.94,-0.73,-0.36
lesbian,2.26,-0.27,-0.14,0.72,3.71,-0.40,-0.90,-0.57,-0.22,-0.47,-0.69,-0.34,-0.15,-0.47,-0.81,-0.67,-0.88,-0.66,-0.66,6.40,-0.29,0.01,2.95,-0.43,-0.09,-0.14,-0.64,1.11,-0.20,1.45,0.14,-0.26,-0.57,0.57,0.04,-0.83,-0.27,-0.68,-0.32,-0.79,-0.36,-0.51,-0.09,0.17,-0.10,0.02,-0.80,0.60,0.16,2.17,-0.25,-0.35,0.84,-0.03,-0.64,0.20,-0.02,-0.22,0.44,-0.93,-0.14,-0.48,1.97,-0.49,-0.67,0.23,-0.30,-0.76,-0.53,-0.29,0.14,-0.89,1.26,-0.71,-0.22,-0.60,-0.14,-0.84,-0.22,-0.52,-0.34,-0.57,-0.61,0.05,-0.82,11.94,-0.49,0.14,-0.07,0.25,0.31,0.28
busty,-0.06,-0.67,0.48,-0.70,-0.78,-0.04,0.59,-0.47,0.37,-0.33,-0.72,-0.33,-0.14,0.85,-0.07,-0.13,-0.17,0.34,-0.32,-0.37,-0.31,0.24,-0.76,11.55,-0.13,-0.28,0.28,-0.69,-0.22,-0.04,-0.56,0.01,-0.30,-0.37,-0.26,-0.81,0.56,0.57,1.02,-0.27,-0.50,-0.27,-0.12,-0.78,0.53,-0.36,-0.54,0.26,-0.71,0.60,-0.06,0.04,-0.53,-0.43,0.13,-0.69,-0.54,-0.38,-0.41,-0.93,-0.19,-0.26,-0.43,0.07,-0.29,1.44,-0.85,-0.50,-0.63,0.02,0.47,0.36,-0.22,-0.34,-0.45,-0.28,-0.45,-0.10,-0.61,0.09,-0.17,1.03,0.05,-0.76,-0.35,-0.43,0.21,-0.38,-0.31,0.01,0.33,-0.73
fingering,-0.40,0.17,-0.27,0.01,-0.74,-0.57,0.21,-0.62,-0.22,-0.63,-0.67,-0.45,-0.57,-0.14,0.05,-0.11,-0.27,-0.51,-0.20,0.55,-0.13,0.38,-0.30,-0.04,0.18,-0.17,-0.49,-0.17,-0.46,13.77,-0.45,0.61,0.09,-0.26,-0.48,-0.66,-0.14,1.20,-0.52,-0.71,0.17,-0.48,-0.63,-0.57,-0.18,-0.06,1.29,0.13,-0.49,1.16,0.13,-0.49,-0.06,-0.40,0.19,-0.67,-0.25,-0.16,-0.67,-0.94,0.36,-0.68,4.98,-0.24,0.00,-0.37,-0.10,-0.62,-0.65,-0.13,-0.54,-0.64,0.50,-0.52,-0.33,-0.12,0.72,-0.46,-0.38,-0.23,-0.32,-0.10,-0.64,-0.28,-0.81,1.45,0.29,-0.60,0.55,1.44,-0.21,0.85
redhead,0.92,-0.46,0.42,-0.94,-0.98,0.68,-0.60,1.31,-0.76,-0.79,11.21,-0.69,5.25,-0.76,-0.58,-0.47,-0.75,-0.83,3.65,-0.86,-0.09,-0.76,-0.82,-0.72,0.83,-0.89,-0.81,-0.96,-0.75,-0.67,-0.24,-0.19,-0.50,-0.60,2.06,3.18,-0.72,-0.55,0.95,2.26,-0.84,1.38,-0.86,-0.92,0.41,-0.63,-0.57,-0.22,-0.91,-0.63,0.95,-0.78,-0.52,2.21,-0.70,-0.90,0.48,0.09,-0.52,-0.94,-0.92,-0.88,-0.71,-0.44,-0.77,-0.75,-0.67,-0.62,0.59,0.70,-0.85,0.65,2.61,-0.79,0.34,-0.82,-0.40,-0.56,-0.78,-0.73,-0.80,0.74,1.06,-0.80,-0.82,-0.69,-0.75,-0.55,-0.78,-0.58,-0.66,-0.83
babes,1.85,-0.19,-0.91,-0.77,-0.96,-0.61,-0.92,-0.88,-0.34,-0.89,5.25,-0.83,18.75,-0.70,-0.60,-0.64,-0.88,-0.96,5.90,0.43,-0.57,-0.86,-0.58,-0.14,0.79,-0.68,-0.48,-0.77,-0.37,-0.57,0.60,-0.75,-0.86,-0.74,4.04,5.17,-0.37,-0.42,1.95,-0.85,-0.91,1.19,-0.87,-0.71,-0.46,-0.80,-0.98,-0.41,-0.80,0.50,0.91,-0.88,-0.92,4.54,-0.68,-0.97,0.56,-0.61,-0.70,-0.94,-0.78,-0.63,-0.94,-0.47,-0.89,-0.52,-0.99,-0.94,-0.62,-0.89,-0.54,-0.85,4.10,-0.87,0.23,-0.69,-0.89,-0.86,-0.89,-0.15,-0.77,1.58,-0.68,-0.67,-0.80,-0.15,-0.32,-0.69,-0.58,-0.79,-0.58,-0.47
blonde,0.19,0.02,0.10,-0.92,-0.99,-0.24,0.07,-0.03,-0.34,-0.18,0.95,-0.30,0.91,0.02,-0.21,-0.09,0.14,-0.30,0.53,-0.38,0.09,0.32,-0.84,-0.06,0.08,-0.50,-0.53,-0.98,-0.27,0.13,-0.28,0.51,0.17,-0.31,0.13,0.41,-0.30,0.58,0.09,0.25,-0.45,0.23,-0.74,-0.82,0.05,0.18,0.48,-0.04,-0.83,0.04,3.50,-0.57,-0.31,0.33,-0.40,-0.89,-0.03,0.06,-0.55,-0.95,-0.11,-0.55,0.31,-0.09,-0.41,-0.06,0.19,0.15,-0.41,0.05,-0.52,-0.08,0.48,-0.46,-0.14,-0.43,0.59,0.18,-0.18,-0.08,-0.60,0.10,-0.20,-0.19,-0.60,-0.25,-0.45,-0.49,-0.43,0.30,-0.03,-0.70
milf,-0.87,-0.69,7.05,-0.17,0.68,0.26,0.09,0.34,-0.51,-0.13,0.42,-0.50,-0.91,0.06,-0.25,0.01,-0.25,-0.31,-0.90,-0.83,0.19,0.39,-0.58,0.48,0.10,-0.66,-0.31,0.08,-0.50,-0.27,-0.79,-0.33,0.04,-0.42,-0.79,-0.86,-0.38,-0.51,-0.30,0.86,-0.20,-0.18,-0.03,-0.28,0.46,0.09,-0.04,-0.25,0.28,-0.29,0.10,-0.46,-0.55,-0.89,-0.16,0.13,-0.33,-0.23,-0.57,-0.96,-0.77,-0.45,-0.15,0.06,0.25,0.79,-0.31,0.10,0.20,4.17,-0.92,0.36,-0.55,-0.85,-0.07,-0.33,-0.34,-0.16,-0.23,-0.45,-0.07,-0.19,0.19,-0.45,-0.59,-0.14,-0.62,-0.55,-0.51,0.39,-0.24,0.66
lesbians,4.42,-0.47,-0.83,1.01,5.08,-0.28,-0.93,-0.87,-0.27,-0.58,-0.86,-0.29,0.43,-0.62,-0.86,-0.80,-0.76,-0.88,-0.09,21.93,-0.32,-0.94,5.89,-0.37,-0.47,0.39,-0.43,1.51,-0.25,0.55,-0.11,-0.78,-0.70,0.56,1.16,-0.86,-0.68,0.27,-0.48,-0.85,-0.12,-0.44,-0.91,0.83,-0.46,0.08,-0.65,0.92,-0.59,1.74,-0.38,-0.55,1.14,0.57,-0.81,-0.69,-0.26,-0.06,0.15,-0.96,0.89,-0.48,1.38,-0.61,-0.43,-0.63,-0.34,-0.86,-0.58,-0.23,0.10,-0.67,1.19,-0.80,-0.46,-0.43,0.03,-0.88,-0.59,-0.58,-0.82,-0.67,-0.55,1.13,-0.83,6.40,0.37,0.10,0.54,0.45,-0.04,-1.00
stockings,-0.89,-0.60,0.39,-0.46,-0.86,-0.35,0.59,-0.71,-0.23,-0.44,-0.58,0.00,-0.79,-0.28,-0.34,0.15,0.19,-0.54,-0.94,0.45,0.23,0.95,-0.68,0.01,0.23,-0.24,-0.24,-0.59,-0.50,1.44,-0.75,0.38,0.43,0.95,-0.14,-0.84,-0.51,-0.22,-0.62,-0.68,0.38,-0.61,-0.40,-0.77,-0.38,0.67,1.84,-0.59,-0.22,0.19,0.30,-0.32,-0.53,-0.94,-0.71,-0.48,-0.51,-0.48,-0.08,-0.96,0.12,-0.73,2.17,0.02,0.19,0.33,0.12,-0.16,-0.60,1.08,-0.94,-0.68,-0.18,-0.71,-0.53,-0.34,0.21,-0.08,-0.52,-0.74,-0.45,-0.48,-0.55,4.19,-0.72,0.25,-0.80,-0.01,0.62,20.59,0.26,-1.00
tits,0.10,0.24,-0.19,-0.44,-0.54,-0.42,0.07,-0.25,-0.01,-0.51,0.74,0.21,1.58,1.98,-0.10,-0.34,-0.32,-0.02,1.24,-0.67,-0.50,-0.27,-0.44,1.03,0.09,0.26,-0.20,-0.52,-0.04,-0.10,0.22,0.05,-0.36,-0.46,0.58,1.09,0.92,-0.12,1.28,-0.42,-0.68,0.35,-0.43,-0.88,0.33,-0.56,-0.87,0.28,-0.79,0.07,0.10,-0.47,-0.58,0.74,-0.28,-0.83,-0.09,-0.40,-0.41,-0.96,-0.37,0.26,-0.60,-0.22,0.27,-0.42,-0.97,-0.57,-0.67,-0.49,-0.00,-0.00,0.65,-0.34,-0.21,-0.25,-0.45,-0.42,-0.60,0.57,-0.16,4.05,-0.30,-0.43,0.35,-0.57,-0.07,-0.30,-0.49,-0.48,-0.17,-0.45
boobs,-0.06,-0.18,-0.30,0.00,-0.87,-0.41,-0.47,-0.46,0.01,-0.46,0.95,-0.47,1.95,0.90,-0.71,-0.37,0.08,-0.19,1.27,-0.48,-0.56,-0.82,-0.59,1.02,0.06,-0.36,0.65,0.09,-0.28,-0.52,0.25,-0.81,-0.49,-0.58,0.76,1.02,0.36,-0.44,4.38,-0.56,0.86,0.16,0.45,-0.93,-0.51,-0.55,-0.84,0.03,0.61,-0.10,0.09,-0.64,0.88,0.79,-0.58,0.47,0.03,0.14,-0.56,-0.97,0.06,-0.12,-0.64,-0.49,-0.74,0.66,-0.69,-0.65,0.26,-0.17,0.12,-0.17,0.92,-0.68,-0.01,-0.20,-0.45,-0.70,-0.78,0.11,-0.13,1.28,-0.40,-0.70,-0.34,-0.32,-0.30,-0.53,-0.17,-0.62,-0.17,-0.76
brunette,-0.17,0.13,0.10,-0.61,-0.53,-0.29,0.04,-0.10,-0.45,-0.55,0.83,-0.46,0.79,-0.03,-0.11,-0.05,0.10,-0.23,0.45,-0.47,0.04,0.57,-0.59,-0.13,3.04,-0.61,-0.51,-0.67,-0.39,0.18,-0.44,0.46,0.23,-0.31,0.00,0.43,-0.32,0.65,0.06,0.07,-0.45,0.11,-0.51,-0.83,0.24,-0.02,0.36,-0.14,-0.53,0.14,0.08,-0.59,-0.28,0.05,-0.22,-0.55,0.05,-0.00,-0.56,-0.97,-0.50,-0.55,0.09,-0.02,-0.32,-0.00,0.26,-0.30,-0.41,-0.09,-0.42,-0.16,0.47,-0.28,-0.04,-0.35,0.72,0.31,-0.04,-0.33,0.10,0.09,-0.26,-0.19,-0.58,-0.09,-0.52,-0.51,-0.34,0.23,-0.07,-0.55
girlfriend,0.07,-0.56,-0.85,-0.76,-0.92,-0.89,-0.46,-0.69,1.15,-0.10,-0.79,-0.22,-0.87,-0.44,3.53,0.01,-0.47,0.85,0.27,-0.80,-0.37,0.12,0.28,-0.34,-0.28,-0.74,0.12,-0.93,0.10,-0.52,1.03,-0.18,-0.44,-0.69,-0.24,-0.41,-0.17,0.49,-0.68,-0.07,-0.66,-0.32,0.05,3.01,-0.75,-0.68,-0.72,-0.26,-0.94,-0.72,-0.46,-0.05,-0.37,0.01,5.73,-0.90,0.40,-0.42,-0.86,-0.98,-0.82,-0.14,-0.76,-0.18,-0.39,-0.82,-0.84,-0.73,-0.74,-0.89,0.19,-0.59,-0.70,30.59,1.29,0.30,0.01,4.80,1.09,0.07,0.80,-0.34,-0.25,-0.38,-0.38,-0.71,2.13,-0.86,-0.58,-0.71,-0.09,-0.39
pussy,0.99,-0.04,-0.25,-0.11,0.71,-0.05,-0.41,0.44,0.22,-0.06,-0.22,-0.25,-0.41,-0.22,-0.22,-0.36,-0.65,0.54,-0.12,0.92,-0.43,-0.63,1.44,0.26,-0.14,-0.03,-0.07,-0.05,-0.12,0.13,0.20,-0.22,-0.58,-0.37,-0.37,-0.43,0.84,0.03,0.03,0.47,-0.69,0.61,-0.55,-0.88,-0.01,-0.43,-0.86,3.15,-0.88,0.36,-0.04,-0.05,-0.32,0.00,-0.38,-0.90,-0.10,0.40,-0.37,-0.98,0.46,0.06,-0.69,-0.03,-0.56,-0.41,1.03,-0.29,-0.35,-0.12,0.46,0.52,-0.08,-0.26,-0.07,0.07,-0.54,-0.58,0.66,0.53,-0.20,0.28,0.16,-0.60,-0.23,0.60,0.23,-0.40,-0.67,-0.59,0.17,-0.67
bigtits,-0.87,-0.39,0.79,0.51,0.18,-0.88,-0.43,-0.91,-0.77,-0.35,-0.75,-0.62,-0.52,-0.78,-0.89,0.32,0.56,-0.85,-0.91,-0.63,-0.22,0.79,-0.88,1.44,-0.00,-0.88,0.83,0.81,-0.85,-0.37,-0.88,0.27,0.11,-0.48,-0.77,-0.83,-0.35,-0.14,0.66,-0.67,1.48,-0.83,1.26,-0.79,0.31,-0.36,0.93,-0.41,2.17,-0.58,-0.06,-0.24,1.46,-0.96,-0.85,1.98,-0.24,-0.12,-0.80,-0.98,-0.91,-0.69,0.39,0.03,-0.38,8.41,-0.77,-0.44,0.92,-0.16,-0.80,-0.36,-0.32,-0.82,-0.25,-0.54,0.43,-0.05,-0.76,-0.81,0.14,-0.42,-0.83,-0.40,-0.58,0.23,-0.71,-0.79,-0.90,0.33,-0.08,-0.30
pussylicking,-0.95,0.45,-0.15,-0.32,-0.92,-0.47,0.50,-0.75,-0.15,-0.39,-0.71,-0.46,-0.94,-0.40,-0.73,0.38,0.17,-0.65,-0.90,1.38,-0.12,1.45,-0.68,-0.43,0.09,-0.38,-0.52,-0.52,-0.91,4.98,-0.95,0.83,0.98,-0.28,-0.27,-0.86,-0.70,-0.98,-0.64,-0.93,0.28,-0.83,-0.65,-0.26,-0.55,0.91,3.86,-0.69,-0.10,-0.41,0.31,-0.20,-0.64,-0.97,-0.74,-0.63,-0.41,-0.64,-0.84,-0.98,0.05,-0.81,19.52,0.03,0.18,0.39,-0.22,-0.41,-0.52,-0.17,-0.67,-0.83,-0.15,-0.76,-0.64,-0.41,1.98,-0.82,-0.29,-0.86,0.06,-0.60,-0.35,-0.09,-0.91,1.97,-0.97,-0.80,0.22,2.17,-0.03,-0.76
babe,-0.15,-0.09,-0.23,-0.04,-0.87,-0.10,-0.54,0.06,-0.31,-0.17,0.09,-0.58,-0.61,-0.53,-0.28,-0.20,-0.30,0.09,-0.45,-0.06,-0.33,-0.75,-0.53,-0.38,-0.00,-0.37,0.11,-0.03,-0.25,-0.16,-0.24,-0.65,-0.52,0.11,-0.59,-0.42,-0.01,0.54,0.14,0.48,0.48,1.03,-0.07,-0.72,0.08,-0.40,-0.80,0.40,0.28,-0.30,0.06,0.02,1.36,-0.30,-0.18,0.28,0.27,4.18,-0.39,-0.98,0.25,-0.46,-0.64,-0.03,-0.43,-0.12,1.74,-0.03,0.66,-0.09,0.01,-0.22,-0.09,-0.42,0.24,-0.53,-0.46,-0.40,0.54,0.29,-0.44,-0.40,0.01,-0.26,-0.39,-0.22,-0.47,-0.22,-0.49,-0.48,-0.20,-0.49
pussyfucking,-0.97,0.47,-0.04,-0.13,-0.92,-0.65,0.10,-0.91,-0.38,-0.01,-0.57,-0.73,-0.98,-0.85,-0.84,0.87,0.74,-0.58,-0.95,-0.65,0.28,1.68,-0.82,-0.54,0.36,-0.67,-0.05,-0.47,-0.87,1.29,-0.95,2.58,1.88,-0.35,-0.56,-0.72,-0.91,-0.98,-0.84,-0.90,0.22,-0.94,-0.53,-0.22,-0.71,1.43,9.37,-0.86,-0.29,-0.92,0.48,0.18,-0.88,-0.97,-0.79,-0.79,-0.46,-0.80,-0.81,-0.99,-0.48,-0.48,3.86,0.87,-0.26,0.93,-0.29,0.34,-0.67,-0.27,-0.77,-0.91,-0.80,-0.72,-0.66,-0.77,2.47,-0.08,-0.31,-0.89,0.64,-0.87,-0.53,-0.12,-0.95,-0.80,-0.96,-0.75,-0.38,1.84,-0.81,-0.68