,Blondes,Matures,Ladyboys,Threesomes,MILFs,Gaping,Public Nudity,Amateur,French,Foot Fetish,Black Gays,Handjobs,Gangbang,Hardcore,Italian,Midgets,Facials,Redheads,Czech,Hidden Cams,Fingering,Femdom,Sex Toys,Swedish,Nipples,Face Sitting,Vintage,Bisexuals,Swingers,Danish,Latin,Blowjobs,Pornstars,Men,Thai,Voyeur,Lingerie,Lesbians,Massage,Webcams,Chinese,Celebrities,Babysitters,Gothic,Hentai,Big Boobs,Cartoons,Turkish,Stockings,Indian,Tits,Brazilian,Bukkake,Korean,Close-ups,Grannies,Russian,Emo,Group Sex,Interracial,BBW,Strapon,Masturbation,Squirting,German,Shemales,Spanking,Showers,Cream Pie,Funny,Babes,Teens,Upskirts,Beach,Flashing,Hairy,POV,Arab,Latex,Softcore,British,Gays,Anal,Old+Young,Cumshots,Double Penetration,Brunettes,Cuckold,Japanese,Asian,BDSM,Black and Ebony
Asian,-0.92,-0.66,-1.00,-0.24,-0.48,-0.46,-0.22,-0.14,-0.75,-0.15,-1.00,-0.11,-0.21,0.19,-0.96,-0.65,-0.13,-0.90,-0.94,-0.01,-0.19,-0.60,-0.15,-0.96,1.08,-0.18,-0.62,-0.90,-0.72,-0.90,-0.86,0.11,0.26,-1.00,15.56,0.05,-0.54,0.21,3.28,-0.02,13.97,-0.34,-0.49,-0.84,-0.09,-0.15,-0.09,-0.81,-0.47,3.17,0.35,-0.94,1.30,18.15,0.01,-0.81,-0.92,-0.66,-0.08,0.23,-0.72,-0.56,-0.22,0.20,-0.94,-1.00,-0.31,-0.02,0.85,1.10,0.25,0.12,-0.02,-0.68,-0.50,0.40,-0.23,0.34,-0.55,0.07,-0.94,-1.00,-0.22,-0.60,-0.07,-0.34,-0.60,-0.55,15.74,-1.00,0.67,-0.67
Chinese,-0.92,-0.81,-1.00,-0.44,-0.61,-0.10,-0.06,0.61,-0.64,-0.36,-1.00,-0.45,-0.47,-0.40,1.04,-1.00,-0.63,-0.90,-1.00,0.52,-0.61,-0.72,-0.56,1.57,1.31,-0.68,-0.23,-1.00,-1.00,-1.00,-0.95,-0.22,-0.33,-1.00,0.85,-0.17,-0.90,-0.68,1.35,1.26,-1.00,0.47,-1.00,-1.00,-1.00,-0.82,-1.00,-1.00,-0.61,-0.32,-0.36,-0.80,-0.18,7.49,-0.13,-0.89,-0.88,-1.00,-0.39,0.17,-0.81,-0.63,0.08,-0.77,-0.88,-1.00,-0.74,-0.08,-0.85,1.49,-0.59,-0.30,0.14,-1.00,0.10,0.47,-0.70,-0.28,-1.00,0.77,-1.00,-1.00,-0.42,-0.79,-0.55,-0.92,-0.83,-1.00,2.09,13.97,-0.56,-0.76
Hidden Cams,-0.74,0.42,-1.00,-0.96,-0.20,-0.97,2.29,1.01,-0.33,-0.50,-1.00,-0.68,-0.93,-0.76,-0.51,-0.86,-0.94,-0.68,-0.82,-1.00,-0.27,-0.98,-0.80,0.37,-0.06,-0.82,-0.92,-0.89,0.28,-0.60,0.31,-0.75,-0.96,-1.00,-0.53,14.32,-0.24,-0.86,3.98,-0.22,0.52,-0.60,-0.38,-1.00,-1.00,-0.65,-0.91,2.31,-0.66,1.56,-0.34,-0.64,-0.97,3.86,-0.04,-0.19,0.58,-0.61,-0.94,-0.79,-0.01,-0.93,0.09,-0.90,-0.64,-1.00,-0.84,8.01,-0.80,-0.28,-0.68,-0.19,9.81,10.90,2.54,0.74,-0.76,0.21,-0.98,-0.74,-0.74,-1.00,-0.85,-0.61,-0.85,-0.97,-0.61,-0.68,0.24,-0.01,-0.92,-0.57
Amateur,-0.12,0.34,-1.00,-0.43,0.04,-0.39,0.77,-1.00,0.62,0.23,-1.00,0.55,-0.11,-0.03,0.08,-0.22,-0.09,-0.07,-0.02,1.01,0.43,-0.58,0.17,0.54,-0.03,-0.52,-0.83,-0.21,1.37,-0.07,0.72,0.53,-0.92,-1.00,0.52,0.91,-0.42,-0.39,-0.11,1.62,0.61,-0.68,-0.12,0.12,-0.94,-0.27,-0.83,2.21,-0.30,0.64,-0.34,0.58,-0.63,1.63,1.01,-0.24,0.61,0.86,-0.31,0.40,0.57,-0.39,0.73,0.34,0.59,-0.99,-0.07,0.38,0.49,0.22,-0.16,0.58,0.47,0.28,0.55,0.12,0.75,1.82,-0.54,-0.25,0.31,-1.00,-0.11,-0.29,0.18,-0.71,-0.11,1.62,-0.67,-0.14,-0.08,0.57
Japanese,-0.98,-0.26,-1.00,-0.16,-0.14,-0.69,0.09,-0.67,-0.98,-0.40,-1.00,0.36,-0.04,-0.25,-0.99,-1.00,-0.37,-0.98,-1.00,0.24,-0.41,0.03,0.01,-1.00,1.24,0.42,-0.76,-0.98,-0.80,-1.00,-0.99,-0.11,0.10,-1.00,-0.64,0.52,-0.80,1.61,7.05,-0.90,2.09,-0.82,-0.68,-0.93,2.70,-0.32,1.11,-1.00,-0.05,-0.84,0.30,-0.99,3.58,1.41,-0.43,-0.23,-0.99,-0.86,0.18,-0.72,-0.78,-0.55,-0.23,1.54,-0.95,-1.00,-0.26,-0.14,1.71,2.32,0.16,-0.12,-0.16,-0.83,-0.57,0.70,-0.67,-0.84,-0.53,0.15,-0.99,-1.00,-0.76,-0.18,-0.35,-0.66,-0.95,-0.88,-1.00,15.74,0.73,-0.94
Showers,-0.18,-0.20,-1.00,-0.83,-0.22,-0.94,-0.33,0.38,-0.38,-0.85,-1.00,-0.54,-0.85,-0.63,-0.12,-0.38,-0.68,0.07,-0.20,8.01,-0.03,-0.87,-0.19,-0.29,1.10,-0.91,-0.56,-0.45,-0.40,-0.71,-0.50,-0.67,-0.63,-1.00,-0.49,5.53,-0.68,0.52,0.38,0.04,-0.08,1.55,-1.00,-0.65,-0.76,0.34,-0.43,-0.32,-0.63,2.52,0.63,0.02,-0.62,0.65,0.03,-0.43,1.40,-0.57,-0.70,-0.82,0.51,-0.85,0.51,0.40,-0.15,-1.00,-0.93,-1.00,-0.69,0.48,0.15,0.38,-0.27,0.21,0.12,0.74,-0.75,-0.46,-0.29,1.22,-0.30,-1.00,-0.78,-0.51,-0.76,-0.93,0.05,-0.89,-0.14,-0.02,-0.79,-0.06
Voyeur,-0.69,-0.38,-1.00,-0.89,-0.26,-0.78,3.58,0.91,-0.01,0.37,-1.00,-0.70,-0.87,-0.87,0.04,-0.68,-0.93,-0.77,-0.89,14.32,-0.49,-0.82,-0.80,-0.27,-0.29,-0.55,-0.84,-0.76,-0.20,-0.55,0.07,-0.79,-0.90,-1.00,-0.50,-1.00,0.05,-0.84,0.36,0.40,-0.17,-0.52,-0.33,-0.70,-0.79,-0.59,-0.54,0.49,0.00,-0.03,-0.46,0.35,-0.91,0.53,0.13,-0.57,0.07,-0.52,-0.87,-0.87,-0.50,-0.95,-0.04,-0.79,-0.67,-1.00,-0.62,5.53,-0.82,-0.43,-0.50,-0.15,19.67,11.53,5.06,-0.07,-0.59,0.10,-0.87,-0.12,-0.56,-1.00,-0.86,-0.66,-0.86,-0.95,-0.74,-0.25,0.52,0.05,-0.85,-0.45
Celebrities,0.77,-0.73,-1.00,-0.55,0.52,-0.97,0.18,-0.68,0.21,-0.80,-1.00,-0.77,-0.87,-0.53,5.74,-0.08,-0.82,0.57,-0.41,-0.60,-0.74,-0.91,-0.86,0.75,2.32,-0.74,1.57,-0.81,-0.58,-0.57,-0.03,-0.69,1.82,-1.00,-0.33,-0.52,1.87,0.58,-0.57,-0.85,0.47,-1.00,-0.85,0.71,2.36,0.34,6.00,2.80,-0.74,1.19,3.06,-0.20,-0.93,0.39,-0.50,-0.95,-0.34,0.37,-0.61,-0.75,-0.96,-0.83,-0.65,-0.91,-0.32,-1.00,-0.58,1.55,-0.92,5.38,4.25,-0.48,0.01,1.43,0.75,-0.03,-0.79,-0.31,-0.19,27.60,1.17,-1.00,-0.85,-0.50,-0.74,-0.92,0.99,-0.69,-0.82,-0.34,-0.72,-0.22
Webcams,-0.33,-0.34,-1.00,-0.93,-0.56,-0.49,-0.62,1.62,-0.52,-0.48,-1.00,-0.74,-0.98,-0.79,0.25,-0.81,-0.90,-0.43,-0.77,-0.22,1.28,-0.82,0.72,0.01,0.71,-0.89,-0.98,-0.67,-0.71,-0.73,0.93,-0.72,-0.87,-1.00,0.07,0.40,-0.62,-0.52,-0.37,-1.00,1.26,-0.85,-0.48,0.48,-0.98,0.27,-0.94,2.78,-0.74,0.36,0.58,0.73,-0.93,0.09,-0.11,-0.27,0.82,1.08,-0.93,-0.89,0.23,-0.79,2.33,0.50,-0.44,-1.00,-0.77,0.04,-0.85,0.02,-0.03,1.14,-0.72,-0.79,2.45,-0.53,-0.83,0.59,-0.87,-0.14,-0.62,-1.00,-0.51,-0.88,-0.80,-0.86,-0.26,-0.85,-0.90,-0.02,-0.87,0.07
Hairy,-0.45,1.13,-1.00,-0.21,0.01,-0.35,-0.32,0.12,1.08,-0.73,-1.00,-0.69,-0.60,-0.24,1.31,1.32,-0.55,0.83,-0.61,0.74,0.05,-0.92,-0.18,-0.43,0.12,-0.66,7.75,-0.60,-0.58,6.59,0.11,-0.61,-0.15,-1.00,0.18,-0.07,-0.09,0.14,-0.46,-0.53,0.47,-0.03,-0.68,-0.63,-1.00,-0.15,-0.85,-0.24,-0.04,2.76,-0.16,-0.38,-0.88,0.07,0.69,1.70,-0.28,-0.71,-0.15,-0.47,0.49,-0.64,0.51,-0.15,0.37,-1.00,-0.87,0.74,0.72,0.25,-0.49,-0.25,-0.46,-0.41,-0.49,-1.00,-0.42,0.40,-0.75,0.60,-0.34,-1.00,-0.18,0.16,-0.43,-0.58,0.42,-0.82,0.70,0.40,-0.53,-0.33
Cream Pie,-0.05,-0.15,-1.00,0.15,0.17,1.59,-0.76,0.49,-0.70,-0.68,-1.00,-0.31,2.22,0.02,-0.76,0.00,-0.45,-0.06,-0.14,-0.80,-0.75,-0.74,-0.67,-0.77,-0.72,0.39,-0.69,0.40,0.86,-0.43,-0.30,-0.17,-0.46,-0.93,0.05,-0.82,-0.39,-0.95,-0.60,-0.85,-0.85,-0.92,-0.61,-0.66,3.03,-0.36,0.23,-0.74,-0.56,-0.31,-0.61,-0.47,0.25,-0.32,1.39,-0.28,-0.41,-0.79,-0.15,2.36,0.16,-0.90,-0.80,0.12,-0.35,-0.89,-0.86,-0.69,-1.00,-0.76,-0.30,-0.10,-0.94,-0.87,-0.96,0.72,0.63,-0.78,-0.85,-0.94,-0.51,-0.99,1.12,-0.26,0.63,1.01,0.01,6.47,1.71,0.85,-0.77,0.46
Thai,-0.91,-0.75,-1.00,-0.43,-0.74,-0.83,-0.69,0.52,-0.73,-0.60,-1.00,-0.36,-0.76,-0.14,-1.00,-1.00,-0.09,-0.93,-1.00,-0.53,-0.47,-0.79,-0.37,-1.00,-0.38,-1.00,-0.39,-0.37,-0.47,0.57,-0.81,0.06,-0.39,-1.00,-1.00,-0.50,-0.69,-0.43,1.91,0.07,0.85,-0.33,-1.00,-0.07,-1.00,-0.72,-1.00,-0.39,-0.79,-0.83,-0.43,-0.70,0.02,-0.37,-0.18,-0.92,-0.91,-1.00,-0.36,-0.19,-0.92,-0.86,-0.55,1.04,-0.59,-1.00,-0.43,-0.49,0.05,-0.34,-0.53,0.11,-0.87,-0.46,-0.73,0.18,-0.28,-0.64,-0.58,-0.59,-0.84,-1.00,-0.20,-0.64,-0.15,-0.03,-0.40,-0.60,-0.64,15.56,-0.67,-0.27
Fingering,-0.01,-0.24,-1.00,-0.69,-0.38,1.74,-0.43,0.43,-0.33,-0.62,-1.00,-0.43,-0.84,-0.58,-0.53,-0.83,-0.91,-0.32,0.04,-0.27,-1.00,-0.53,1.72,-0.31,-0.06,-0.52,-0.78,-0.65,-0.67,-0.43,-0.39,-0.71,-0.64,-1.00,-0.47,-0.49,-0.06,2.84,1.02,1.28,-0.61,-0.74,-0.58,-0.13,-0.80,-0.53,-0.52,-0.71,0.16,-0.02,-0.47,-0.75,-0.89,-0.41,2.84,-0.11,-0.19,-0.28,-0.75,-0.87,-0.22,-0.14,3.90,2.65,-0.11,-1.00,-0.25,-0.03,-0.75,-0.52,0.26,0.08,-0.74,-0.53,0.14,0.05,-0.57,-0.50,-0.59,-0.57,0.21,-1.00,-0.29,-0.35,-0.81,-0.82,0.08,-0.85,-0.41,-0.19,-0.19,-0.30
Masturbation,0.08,0.14,-1.00,-0.92,-0.11,-0.08,0.32,0.73,-0.43,-0.18,-1.00,1.02,-0.95,-0.78,-0.04,-0.78,-0.83,0.25,-0.12,0.09,3.90,-0.34,3.74,0.27,-0.19,-0.79,-0.80,-0.46,-0.83,-0.33,-0.27,-0.53,-0.46,-1.00,-0.55,-0.04,0.51,-0.05,0.26,2.33,0.08,-0.65,-0.49,-0.16,-0.60,-0.18,-0.66,-0.47,0.26,-0.47,-0.35,-0.60,-0.81,-0.41,1.45,-0.27,-0.24,0.27,-0.91,-0.92,0.33,-0.78,-1.00,2.47,-0.25,-1.00,-0.73,0.51,-0.80,-0.33,0.16,0.57,-0.70,-0.55,0.58,0.51,-0.22,-0.46,-0.37,-0.23,0.13,-1.00,-0.67,-0.81,-0.59,-0.79,0.16,-0.90,-0.23,-0.22,-0.58,-0.36
Teens,0.40,-0.76,-1.00,0.04,-0.84,-0.13,0.10,0.58,-0.39,-0.41,-1.00,-0.20,-0.41,0.47,-0.61,-0.56,0.32,0.45,0.83,-0.19,0.08,-0.67,0.14,0.28,-0.37,-0.74,-0.60,-0.60,-0.65,0.64,0.11,0.18,-0.52,-1.00,0.11,-0.15,-0.32,0.60,0.49,1.14,-0.30,-0.48,3.82,0.20,-0.73,-0.52,-0.72,0.06,-0.69,-0.07,0.41,0.04,-0.56,-0.45,-0.41,-0.73,1.91,1.78,0.14,-0.47,-0.74,-0.68,0.57,-0.39,-0.06,-1.00,0.14,0.38,-0.10,0.01,0.52,-1.00,0.48,-0.07,-0.28,-0.25,0.32,-0.26,-0.73,-0.12,-0.58,-1.00,0.23,0.90,-0.05,-0.45,0.47,-0.79,-0.12,0.12,-0.53,-0.26
Massage,-0.34,-0.67,-1.00,-0.76,-0.54,-0.79,-0.67,-0.11,-0.29,0.48,-1.00,4.04,-0.83,-0.31,-0.29,-0.29,-0.88,-0.44,2.16,3.98,1.02,-0.53,-0.39,-0.60,1.24,-0.29,-0.62,-0.64,-1.00,-0.33,-0.52,-0.49,-0.50,-1.00,1.91,0.36,-0.01,2.62,-1.00,-0.37,1.35,-0.57,-1.00,-1.00,-0.72,0.29,-0.78,-0.74,-0.70,1.49,0.20,-0.81,-0.91,-0.47,0.31,-0.68,-0.35,3.13,-0.88,-0.63,-0.58,-0.43,0.26,0.91,-0.71,-1.00,-0.76,0.38,-0.60,-0.33,0.29,0.49,-0.89,-0.47,-0.40,-0.46,-0.65,-0.55,-0.91,1.48,-0.69,-1.00,-0.63,-0.53,-0.03,-0.90,-0.37,-0.62,7.05,3.28,-0.72,-0.49
Public Nudity,-0.28,-0.56,-1.00,-0.64,-0.60,-0.87,-1.00,0.77,0.21,-0.82,-1.00,0.17,-0.21,-0.37,-0.09,-0.58,-0.58,-0.33,1.82,2.29,-0.43,-0.85,-0.60,0.53,-0.28,-0.90,-0.55,-0.75,-0.07,-0.60,-0.47,-0.28,-0.51,-1.00,-0.69,3.58,-0.68,-0.50,-0.67,-0.62,-0.06,0.18,-1.00,-0.21,0.10,-0.47,-0.14,-0.51,-0.37,-0.26,0.04,-0.30,-0.54,-0.47,-0.64,-0.60,0.10,-0.52,0.32,-0.81,-0.63,-0.92,0.32,-0.61,0.39,-1.00,-0.65,-0.33,-0.76,2.97,-0.13,0.10,2.97,13.91,20.03,-0.32,-0.32,-0.38,-0.61,1.29,-0.29,-1.00,-0.67,-0.64,-0.48,-0.86,-0.49,-0.79,0.09,-0.22,-0.45,-0.52
POV,0.05,-0.63,-1.00,-0.69,0.19,-0.58,-0.32,0.75,-0.66,2.34,-1.00,1.05,-0.87,-0.24,-0.62,-0.40,0.68,0.18,3.19,-0.76,-0.57,2.63,-0.66,-0.66,-0.57,-0.10,-0.94,-0.82,-0.19,-0.91,0.28,1.32,0.49,-1.00,-0.28,-0.59,0.06,-0.87,-0.65,-0.83,-0.70,-0.79,-0.42,-0.22,0.02,-0.05,-0.76,-0.30,-0.21,-0.17,-0.39,-0.46,-0.68,-0.47,2.07,-0.88,-0.61,0.66,-0.72,-0.16,-0.22,-0.63,-0.22,-0.12,-0.60,-0.96,-0.66,-0.75,0.63,-0.62,-0.26,0.32,0.71,-0.81,-0.71,-0.42,-1.00,-0.74,-0.65,-0.23,0.06,-1.00,-0.23,-0.74,0.57,-0.93,0.11,-0.19,-0.67,-0.23,-0.68,0.24
Babes,0.93,-0.83,-1.00,-0.07,-0.53,-0.39,-0.13,-0.16,-0.48,-0.11,-1.00,-0.47,-0.68,0.93,-0.42,-0.60,-0.43,0.38,0.80,-0.68,0.26,-0.58,-0.10,0.18,0.14,-0.63,-0.39,-0.66,-0.25,-0.81,0.33,-0.30,0.78,-1.00,-0.53,-0.50,0.10,1.38,0.29,-0.03,-0.59,4.25,1.10,-0.16,0.96,0.39,0.52,-0.13,-0.14,0.09,0.13,0.03,-0.70,-0.49,-0.11,-0.99,-0.16,0.16,-0.23,-0.30,-0.69,-0.46,0.16,-0.19,-0.46,-1.00,-0.53,0.15,-0.30,0.29,-1.00,0.52,-0.39,0.37,-0.39,-0.49,-0.26,-0.14,0.01,4.22,0.04,-1.00,-0.00,-0.47,0.02,-0.60,1.04,-0.90,0.16,0.25,-0.37,-0.05
Blowjobs,0.63,-0.16,-1.00,0.03,0.01,-0.43,-0.28,0.53,-0.25,-0.51,-1.00,2.29,-0.29,0.23,-0.19,-0.28,2.36,0.39,-0.18,-0.75,-0.71,-0.80,-0.76,-0.19,-0.73,-0.19,-0.37,0.13,-0.40,-0.36,0.04,-1.00,0.01,-1.00,0.06,-0.79,0.04,-0.91,-0.49,-0.72,-0.22,-0.69,-0.11,0.53,0.24,-0.09,-0.10,-0.34,-0.64,0.16,0.06,-0.36,0.55,-0.50,-0.15,-0.44,-0.22,0.52,-0.16,0.34,-0.14,-0.86,-0.53,-0.73,-0.15,-0.94,-0.81,-0.67,-0.17,-0.37,-0.30,0.18,-0.94,-0.63,-0.89,-0.61,1.32,-0.17,-0.42,-0.95,-0.18,-0.98,-0.13,-0.51,2.17,-0.40,0.54,-0.63,-0.11,0.11,-0.56,0.44
Arab,-0.90,-0.27,-1.00,-0.53,-0.34,-1.00,-0.38,1.82,6.02,0.71,-1.00,-0.40,-0.05,-0.29,-0.28,-1.00,-0.55,-0.97,-0.58,0.21,-0.50,-0.81,-0.76,0.12,-0.09,-0.44,-0.73,-0.75,-0.17,-0.08,-0.56,-0.17,-0.73,-1.00,-0.64,0.10,-0.70,-0.53,-0.55,0.59,-0.28,-0.31,0.26,-1.00,-1.00,-0.01,-0.80,7.80,-0.86,3.92,0.02,-0.82,-0.76,-0.51,-0.30,-0.80,-0.75,-0.78,-0.67,-0.26,0.34,-0.84,-0.46,-0.73,-0.75,-0.64,-0.85,-0.46,-0.78,0.19,-0.14,-0.26,0.37,-0.16,0.30,0.40,-0.74,-1.00,-0.67,-0.49,-0.84,-1.00,0.84,-0.60,-0.58,-0.57,-0.17,-0.34,-0.84,0.34,-0.78,-0.71
Squirting,-0.22,-0.18,-1.00,-0.20,0.02,1.24,-0.61,0.34,-0.54,-0.69,-1.00,-0.65,-0.52,0.00,-0.41,0.54,-0.50,0.00,-0.60,-0.90,2.65,-0.62,2.44,0.06,-0.19,-0.37,-0.87,-0.41,-0.67,-0.71,-0.05,-0.73,0.25,-0.69,1.04,-0.79,-0.47,0.77,0.91,0.50,-0.77,-0.91,-1.00,-0.48,0.58,-0.47,0.23,-0.89,-0.46,-0.88,-0.64,-0.75,0.59,-0.53,1.48,-0.64,-0.73,-0.25,-0.43,-0.15,0.78,-0.42,2.47,-1.00,-0.50,-1.00,-0.30,0.40,0.12,-0.44,-0.19,-0.39,-0.82,-0.83,-0.65,-0.15,-0.12,-0.73,-0.49,-0.92,-0.11,-1.00,-0.09,-0.62,-0.42,-0.55,-0.27,-0.58,1.54,0.20,0.85,0.12
Hardcore,0.56,-0.13,-1.00,0.28,-0.08,-0.09,-0.37,-0.03,-0.08,-0.56,-1.00,-0.63,0.15,-1.00,0.34,1.63,-0.02,0.27,-0.08,-0.76,-0.58,-0.65,-0.52,-0.28,-0.30,-0.68,0.64,-0.22,-0.34,-0.16,0.22,0.23,1.55,-1.00,-0.14,-0.87,-0.55,-0.37,-0.31,-0.79,-0.40,-0.53,1.12,0.47,-0.46,0.28,-0.19,-0.17,0.09,0.60,-0.41,0.07,-0.49,-0.54,-0.35,-0.42,-0.16,0.13,1.07,0.02,-0.33,-0.58,-0.78,0.00,0.35,-0.98,-0.19,-0.63,0.02,-0.20,0.93,0.47,-0.83,-0.56,-0.94,-0.24,-0.24,-0.29,0.18,-0.94,0.03,-0.98,0.69,0.29,0.71,0.16,0.53,-0.60,-0.25,0.19,0.18,0.66
Nipples,-0.35,-0.14,-1.00,-0.89,-0.07,-0.89,-0.28,-0.03,-0.30,-0.81,-1.00,-0.40,-0.84,-0.30,0.09,0.70,-0.84,-0.33,-0.40,-0.06,-0.06,-0.70,-0.65,-0.35,-1.00,-0.84,-0.34,-0.93,-0.88,-1.00,0.12,-0.73,-0.27,-1.00,-0.38,-0.29,0.03,0.13,1.24,0.71,1.31,2.32,-0.45,0.90,-0.11,2.57,0.56,-0.38,-0.55,2.89,8.18,-0.54,-0.79,-0.57,0.74,-0.48,-0.23,0.17,-0.85,-0.77,-0.19,-0.68,-0.19,-0.19,-0.33,-1.00,-0.49,1.10,-0.72,0.62,0.14,-0.37,-0.82,0.16,1.35,0.12,-0.57,-0.09,-0.79,1.32,-0.64,-1.00,-0.80,-0.48,-0.57,-0.77,-0.17,-0.93,1.24,1.08,0.85,-0.31
Close-ups,-0.40,-0.23,-1.00,-0.87,-0.29,3.26,-0.64,1.01,-0.66,1.51,-1.00,-0.16,-0.82,-0.35,-0.83,-0.69,-0.69,-0.30,0.23,-0.04,2.84,-0.66,0.86,-0.82,0.74,1.37,-0.84,-0.56,-0.42,-0.41,0.02,-0.15,-0.61,-1.00,-0.18,0.13,-0.16,-0.34,0.31,-0.11,-0.13,-0.50,-0.39,-0.21,-0.75,-0.58,-0.52,-0.37,-0.19,0.17,-0.56,-0.08,-0.79,-0.59,-1.00,-0.52,-0.50,-0.35,-0.78,-0.46,0.22,-0.85,1.45,1.48,-0.50,-1.00,-0.68,0.03,1.39,0.03,-0.11,-0.41,0.53,-0.65,-0.34,0.69,2.07,-0.30,-0.73,0.14,0.05,-1.00,-0.19,-0.75,0.27,-0.73,-0.30,-0.50,-0.43,0.01,-0.13,0.45
Funny,-0.19,-0.56,-1.00,-0.58,-0.66,-0.52,2.97,0.22,0.27,-0.20,-1.00,0.42,-0.64,-0.20,-0.03,11.48,-0.31,-0.18,-0.08,-0.28,-0.52,0.31,0.16,-0.45,0.62,0.18,1.98,-0.45,-0.54,7.18,-0.22,-0.37,0.02,-1.00,-0.34,-0.43,-0.26,-0.43,-0.33,0.02,1.49,5.38,0.40,0.61,3.91,-0.23,23.39,5.25,-0.63,0.07,0.10,-0.74,-0.06,-0.64,0.03,-0.17,-0.22,-0.34,0.23,-0.58,-0.30,-0.57,-0.33,-0.44,0.49,-1.00,-0.24,0.48,-0.76,-1.00,0.29,0.01,-0.31,0.81,2.52,0.25,-0.62,0.19,0.03,3.37,-0.22,-1.00,-0.58,-0.16,-0.30,-0.88,-0.27,-0.74,2.32,1.10,0.58,-0.30
Softcore,0.49,-0.73,-1.00,-0.77,-0.48,-0.97,1.29,-0.25,-0.20,1.23,-1.00,-0.88,-0.99,-0.94,-0.03,-0.40,-0.98,0.69,0.47,-0.74,-0.57,0.41,-0.82,0.37,1.32,-0.44,1.02,-0.96,-0.39,-0.29,-0.09,-0.95,-0.30,-1.00,-0.59,-0.12,2.59,0.98,1.48,-0.14,0.77,27.60,-0.71,1.34,0.76,0.59,1.93,-0.51,0.61,2.41,1.02,-0.40,-0.96,-0.66,0.14,-0.89,0.15,0.86,-0.83,-0.73,-0.55,-0.93,-0.23,-0.92,-0.64,-1.00,-0.29,1.22,-0.94,3.37,4.22,-0.12,-0.24,0.39,1.06,0.60,-0.23,-0.49,-0.13,-1.00,0.83,-1.00,-0.94,-0.72,-0.97,-0.98,0.89,-0.75,0.15,0.07,-0.72,-0.21
Face Sitting,0.22,-0.59,-1.00,0.61,0.37,1.12,-0.90,-0.52,-0.55,2.26,-1.00,0.08,-0.79,-0.68,-0.82,0.75,0.26,0.65,-0.63,-0.82,-0.52,35.81,-0.54,-0.50,-0.84,-1.00,-0.57,1.77,-1.00,-1.00,-0.18,-0.19,-0.49,-1.00,-1.00,-0.55,1.45,2.31,-0.29,-0.89,-0.68,-0.74,-1.00,1.45,-1.00,-0.21,-1.00,-0.68,0.93,-0.74,-0.35,-0.05,-0.89,-0.67,1.37,-0.91,-0.48,1.41,-0.52,-0.35,1.19,1.13,-0.79,-0.37,-0.64,-1.00,1.39,-0.91,0.39,0.18,-0.63,-0.74,1.32,-1.00,-1.00,-0.66,-0.10,-0.44,1.42,-0.44,1.01,-1.00,-0.33,-0.17,-0.76,0.34,0.58,0.14,0.42,-0.18,4.78,0.03
Bisexuals,-0.47,-0.69,-0.55,5.13,-0.50,0.08,-0.75,-0.21,-0.17,-0.41,1.30,-0.56,-0.45,-0.22,-0.07,-1.00,-0.28,-0.63,-0.84,-0.89,-0.65,5.07,0.13,-0.56,-0.93,1.77,0.20,-1.00,3.00,-0.27,-0.51,0.13,-0.75,11.79,-0.37,-0.76,-0.21,0.23,-0.64,-0.67,-1.00,-0.81,-0.63,-0.14,-1.00,-0.62,-0.53,-0.30,-0.53,-0.92,-0.44,0.60,-0.81,-0.71,-0.56,-0.88,-0.71,-0.47,1.98,-0.31,-0.65,7.42,-0.46,-0.41,-0.31,7.88,-0.65,-0.45,0.40,-0.45,-0.66,-0.60,-0.94,-0.75,-0.84,-0.60,-0.82,-0.75,0.83,-0.96,-0.62,7.50,0.52,-0.44,-0.30,-0.02,-0.53,5.70,-0.98,-0.90,-0.33,-0.47
Flashing,-0.65,-0.38,-1.00,-0.97,-0.62,-0.90,20.03,0.55,-0.46,-0.82,-1.00,-0.47,-0.98,-0.94,-0.53,-0.75,-0.92,-0.77,-0.74,2.54,0.14,-0.93,-0.83,-0.72,1.35,-1.00,-0.88,-0.84,-0.69,-0.07,-0.56,-0.89,-0.79,-1.00,-0.73,5.06,-0.15,-0.83,-0.40,2.45,0.10,0.75,-1.00,-0.17,-1.00,-0.32,-0.62,0.40,1.26,0.12,1.09,-0.82,-1.00,-0.72,-0.34,-0.83,-0.23,-0.41,-0.89,-0.96,-0.52,-0.98,0.58,-0.65,-0.59,-1.00,-0.80,0.12,-0.96,2.52,-0.39,-0.28,6.70,1.97,-1.00,-0.49,-0.71,0.30,-0.81,1.06,-0.19,-1.00,-0.93,-0.92,-0.85,-0.98,-0.59,-0.85,-0.57,-0.50,-0.79,-0.39
Old+Young,-0.36,4.94,-1.00,0.71,2.23,-0.81,-0.64,-0.29,0.75,-0.66,-1.00,-0.50,-0.05,0.29,1.60,1.58,-0.40,-0.07,3.17,-0.61,-0.35,-0.59,-0.70,-0.05,-0.48,-0.17,0.08,-0.44,0.28,-0.13,-0.61,-0.51,-0.56,-1.00,-0.64,-0.66,-0.57,1.79,-0.53,-0.88,-0.79,-0.50,4.18,-0.79,0.02,-0.52,-0.44,-0.83,-0.22,-0.37,-0.70,-0.68,-0.95,-0.72,-0.75,14.79,3.40,-0.87,-0.04,-0.50,-0.15,0.22,-0.81,-0.62,0.46,-1.00,0.26,-0.51,-0.26,-0.16,-0.47,0.90,-0.85,-0.86,-0.92,0.16,-0.74,-0.60,-0.86,-0.72,-0.24,-1.00,-0.25,-1.00,-0.52,-0.60,-0.52,0.10,-0.18,-0.60,-0.56,-0.75
French,-0.13,0.92,-1.00,1.10,0.01,-0.59,0.21,0.62,-1.00,-0.29,-1.00,-0.76,1.94,-0.08,-0.39,-0.27,-0.48,-0.04,-0.84,-0.33,-0.33,-0.58,-0.55,-1.00,-0.30,-0.55,1.82,-0.17,0.99,-0.54,-0.90,-0.25,0.14,-1.00,-0.73,-0.01,0.22,-0.26,-0.29,-0.52,-0.64,0.21,-0.65,0.62,-0.62,-0.40,-0.26,-0.91,0.65,-0.85,-0.64,-0.87,-0.56,-0.73,-0.66,0.13,-0.82,0.59,1.13,-0.36,-0.62,-0.68,-0.43,-0.54,-0.74,-1.00,-0.45,-0.38,-0.70,0.27,-0.48,-0.39,-0.59,0.25,-0.46,1.08,-0.66,6.02,-0.67,-0.20,-0.86,-1.00,1.95,0.75,-0.45,1.60,0.31,-0.51,-0.98,-0.75,0.04,-0.28
Cuckold,-0.63,-0.24,-1.00,0.45,0.37,-0.93,-0.79,1.62,-0.51,-0.38,-1.00,-0.45,1.69,-0.60,1.33,-1.00,-0.65,-0.62,1.92,-0.68,-0.85,3.66,-0.85,-0.38,-0.93,0.14,-0.78,5.70,10.50,-0.66,-0.05,-0.63,-0.83,-1.00,-0.60,-0.25,-0.71,-0.97,-0.62,-0.85,-1.00,-0.69,-1.00,-1.00,-0.86,-0.81,-0.01,0.91,-0.64,0.34,-0.96,-0.45,-0.21,-0.73,-0.50,-0.80,-0.40,-0.75,-0.31,10.48,-0.17,-0.27,-0.90,-0.58,-0.54,-1.00,-0.63,-0.89,6.47,-0.74,-0.90,-0.79,-0.82,-0.73,-0.85,-0.82,-0.19,-0.34,-0.82,-0.75,-0.44,-1.00,-0.68,0.10,-0.48,-0.34,-0.70,-1.00,-0.88,-0.55,-0.05,-0.08
Interracial,0.23,-0.14,-1.00,1.13,0.35,-0.09,-0.81,0.40,-0.36,-0.37,-1.00,-0.62,2.24,0.02,-0.73,0.37,0.05,0.37,-0.34,-0.79,-0.87,-0.62,-0.74,-0.63,-0.77,-0.35,0.12,-0.31,0.58,-0.46,1.01,0.34,0.14,-1.00,-0.19,-0.87,-0.35,-0.42,-0.63,-0.89,0.17,-0.75,-0.65,-0.56,-0.77,-0.02,-0.01,-0.93,-0.43,-0.04,-0.48,0.22,-0.02,-0.75,-0.46,-0.57,-0.72,-0.38,-0.03,-1.00,1.11,-0.63,-0.92,-0.15,-0.79,-0.98,-0.62,-0.82,2.36,-0.58,-0.30,-0.47,-0.97,-0.85,-0.96,-0.47,-0.16,-0.26,-0.56,-0.73,0.21,-1.00,0.71,-0.50,-0.21,0.75,-0.11,10.48,-0.72,0.23,-0.67,2.93
Swingers,-0.24,0.11,-1.00,1.30,0.66,-0.94,-0.07,1.37,0.99,-0.88,-1.00,-0.89,2.12,-0.34,0.57,-0.36,-0.68,0.64,1.62,0.28,-0.67,-0.97,-0.81,-0.26,-0.88,-1.00,-0.22,3.00,-1.00,0.22,0.32,-0.40,-0.85,-1.00,-0.47,-0.20,-0.61,-0.62,-1.00,-0.71,-1.00,-0.58,-1.00,-0.64,-1.00,-0.59,-0.80,1.36,-0.73,1.99,-0.68,0.93,0.02,-0.76,-0.42,-0.12,1.62,-0.78,5.58,0.58,-0.19,-0.84,-0.83,-0.67,0.96,-1.00,-0.49,-0.40,0.86,-0.54,-0.25,-0.65,-0.95,0.11,-0.69,-0.58,-0.19,-0.17,-0.68,-0.39,1.05,-1.00,-0.65,0.28,-0.48,-0.36,0.03,10.50,-0.80,-0.72,-0.67,-0.70
Anal,0.44,0.00,-1.00,1.31,0.16,4.93,-0.67,-0.11,1.95,-0.68,-1.00,-0.77,0.81,0.69,1.15,-0.20,0.47,0.32,0.63,-0.85,-0.29,-0.08,0.47,-0.20,-0.80,-0.33,-0.04,0.52,-0.65,-0.16,0.55,-0.13,0.79,-1.00,-0.20,-0.86,-0.02,-0.43,-0.63,-0.51,-0.42,-0.85,0.13,-0.12,-0.57,-0.18,-0.60,0.18,0.17,-0.47,-0.42,2.16,-0.72,-0.78,-0.19,-0.30,0.54,-0.45,1.06,0.71,-0.22,1.10,-0.67,-0.09,0.29,-0.89,-0.55,-0.78,1.12,-0.58,-0.00,0.23,-0.87,-0.66,-0.93,-0.18,-0.23,0.84,0.36,-0.94,0.08,-0.96,-1.00,-0.25,0.13,3.78,0.40,-0.68,-0.76,-0.22,-0.11,0.17
Threesomes,0.32,-0.33,-1.00,-1.00,0.13,0.61,-0.64,-0.43,1.10,-0.41,-1.00,-0.67,-0.33,0.28,0.69,0.74,0.40,0.26,0.09,-0.96,-0.69,-0.30,-0.50,0.33,-0.89,0.61,1.36,5.13,1.30,3.39,-0.12,0.03,0.70,-1.00,-0.43,-0.89,0.11,0.56,-0.76,-0.93,-0.44,-0.55,0.80,-0.03,-0.13,-0.03,-0.40,-0.89,0.18,-0.06,-0.26,0.17,-0.33,-0.78,-0.87,-0.49,-0.03,-0.44,2.12,1.13,-0.40,0.44,-0.92,-0.20,0.41,-0.99,-0.74,-0.83,0.15,-0.58,-0.07,0.04,-0.95,-0.56,-0.97,-0.21,-0.69,-0.53,0.31,-0.77,1.04,-0.99,1.31,0.71,0.03,6.92,0.20,0.45,-0.16,-0.24,-0.49,0.07
Tits,0.51,-0.11,-1.00,-0.26,0.24,0.52,0.04,-0.34,-0.64,-0.37,-1.00,-0.14,-0.77,-0.41,-0.03,-0.83,0.45,0.26,-0.07,-0.34,-0.47,-0.64,-0.21,-0.65,8.18,-0.35,-0.06,-0.44,-0.68,-0.71,-0.08,0.06,0.06,-1.00,-0.43,-0.46,1.24,-0.24,0.20,0.58,-0.36,3.06,-0.49,-0.61,1.53,2.45,1.26,-0.52,-0.63,1.05,-1.00,-0.61,-0.77,-0.80,-0.56,-0.36,-0.41,-0.58,-0.41,-0.48,0.55,-0.51,-0.35,-0.64,-0.28,-1.00,-0.46,0.63,-0.61,0.10,0.13,0.41,-0.47,0.64,1.09,-0.16,-0.39,0.02,-0.02,1.02,-0.14,-1.00,-0.42,-0.70,-0.45,-0.47,1.11,-0.96,0.30,0.35,0.11,-0.06
Group Sex,-0.09,-0.02,-1.00,2.12,-0.23,-0.39,0.32,-0.31,1.13,-0.73,-1.00,-0.63,7.03,1.07,1.09,1.23,0.28,-0.34,0.68,-0.94,-0.75,-0.36,-0.54,0.50,-0.85,-0.52,1.74,1.98,5.58,2.72,-0.45,-0.16,0.46,-1.00,-0.36,-0.87,-0.37,0.35,-0.88,-0.93,-0.39,-0.61,-0.34,-0.08,0.49,-0.38,0.58,-0.15,-0.19,-0.60,-0.41,0.35,2.30,-0.82,-0.78,-0.29,0.88,-0.63,-1.00,-0.03,-0.60,-0.15,-0.91,-0.43,0.96,-0.99,-0.60,-0.70,-0.15,0.23,-0.23,0.14,-0.97,-0.38,-0.89,-0.15,-0.72,-0.67,0.06,-0.83,0.38,-1.00,1.06,-0.04,0.30,5.84,-0.19,-0.31,0.18,-0.08,-0.37,-0.02
Big Boobs,0.74,0.35,-1.00,-0.03,1.18,-0.51,-0.47,-0.27,-0.40,-0.55,-1.00,-0.13,-0.50,0.28,-0.04,-0.12,-0.17,0.36,0.15,-0.65,-0.53,-0.46,-0.24,-0.17,2.57,-0.21,0.19,-0.62,-0.59,-0.66,0.31,-0.09,0.92,-1.00,-0.72,-0.59,0.25,-0.03,0.29,0.27,-0.82,0.34,-0.53,-0.10,1.22,-1.00,1.16,-0.74,-0.28,0.77,2.45,-0.45,-0.59,-0.83,-0.58,-0.35,-0.49,-0.18,-0.38,-0.02,2.63,-0.43,-0.18,-0.47,-0.04,-1.00,-0.73,0.34,-0.36,-0.23,0.39,-0.52,-0.80,-0.09,-0.32,-0.15,-0.05,-0.01,0.18,0.59,0.91,-1.00,-0.18,-0.52,-0.22,-0.32,0.53,-0.81,-0.32,-0.15,-0.29,0.33
Lesbians,0.15,0.08,-1.00,0.56,-0.02,0.27,-0.50,-0.39,-0.26,1.20,-1.00,-0.92,-0.73,-0.37,-0.49,0.58,-0.91,0.24,0.46,-0.86,2.84,1.26,3.30,-0.26,0.13,2.31,2.03,0.23,-0.62,-0.01,-0.51,-0.91,1.15,-1.00,-0.43,-0.84,0.32,-1.00,2.62,-0.52,-0.68,0.58,0.22,0.77,-0.10,-0.03,0.61,-0.79,-0.02,-0.62,-0.24,-0.40,-0.24,-0.84,-0.34,-0.23,-0.06,-0.18,0.35,-0.42,-0.45,9.43,-0.05,0.77,-0.54,-1.00,1.80,0.52,-0.95,-0.43,1.38,0.60,-0.91,-0.54,-0.83,0.14,-0.87,-0.53,1.77,0.98,0.67,-1.00,-0.43,1.79,-0.88,-0.89,0.16,-0.97,1.61,0.21,1.68,-0.08
Matures,-0.28,-1.00,-1.00,-0.33,2.70,-0.34,-0.56,0.34,0.92,-0.29,-1.00,-0.41,-0.08,-0.13,1.14,1.70,-0.43,0.24,-0.57,0.42,-0.24,-0.66,-0.21,-0.35,-0.14,-0.59,-0.09,-0.69,0.11,-0.71,-0.50,-0.16,-0.48,-1.00,-0.75,-0.38,-0.15,0.08,-0.67,-0.34,-0.81,-0.73,-0.34,-0.74,-0.83,0.35,-0.80,-0.11,1.78,0.01,-0.11,-0.48,-0.80,-0.84,-0.23,9.29,1.30,-0.95,-0.02,-0.14,1.43,-0.57,0.14,-0.18,0.88,-1.00,-0.02,-0.20,-0.15,-0.56,-0.83,-0.76,-0.32,-0.70,-0.38,1.13,-0.63,-0.27,-0.63,-0.73,-0.01,-1.00,0.00,4.94,-0.30,-0.44,-0.56,-0.24,-0.26,-0.66,-0.10,-0.32
MILFs,0.37,2.70,-1.00,0.13,-1.00,-0.02,-0.60,0.04,0.01,0.09,-1.00,-0.24,-0.16,-0.08,1.17,0.45,-0.04,0.59,-0.54,-0.20,-0.38,-0.21,-0.07,-0.65,-0.07,0.37,-0.36,-0.50,0.66,-0.63,-0.18,0.01,-0.02,-1.00,-0.74,-0.26,0.89,-0.02,-0.54,-0.56,-0.61,0.52,-0.78,-0.59,-0.69,1.18,-0.83,-0.68,0.93,-0.13,0.24,-0.54,-0.69,-0.87,-0.29,0.31,-0.27,-0.75,-0.23,0.35,0.30,-0.49,-0.11,0.02,0.42,-1.00,-0.33,-0.22,0.17,-0.66,-0.53,-0.84,-0.27,-0.57,-0.62,0.01,0.19,-0.34,0.03,-0.48,0.55,-1.00,0.16,2.23,-0.33,-0.16,0.08,0.37,-0.14,-0.48,-0.22,-0.36
Pornstars,0.65,-0.48,-1.00,0.70,-0.02,-0.38,-0.51,-0.92,0.14,-0.33,-1.00,-0.44,0.02,1.55,0.71,1.10,0.46,0.26,0.75,-0.96,-0.64,-0.69,-0.38,0.85,-0.27,-0.49,6.47,-0.75,-0.85,-0.60,0.08,0.01,-1.00,-1.00,-0.39,-0.90,-0.25,1.15,-0.50,-0.87,-0.33,1.82,0.13,-0.16,-1.00,0.92,-0.83,-0.82,0.22,-0.49,0.06,-0.30,0.21,-0.89,-0.61,-0.83,-0.73,-0.40,0.46,0.14,-0.71,-0.13,-0.46,0.25,-0.20,-1.00,-0.69,-0.63,-0.46,0.02,0.78,-0.52,-0.94,-0.66,-0.79,-0.15,0.49,-0.73,-0.36,-0.30,-0.12,-1.00,0.79,-0.56,0.55,0.68,0.60,-0.83,0.10,0.26,-0.51,0.28
Stockings,0.10,1.78,-1.00,0.18,0.93,-0.67,-0.37,-0.30,0.65,8.58,-1.00,-0.23,-0.38,0.09,1.50,-0.10,-0.71,0.43,-0.39,-0.66,0.16,1.39,-0.08,-0.49,-0.55,0.93,1.12,-0.53,-0.73,-0.43,-0.67,-0.64,0.22,-1.00,-0.79,0.00,9.41,-0.02,-0.70,-0.74,-0.61,-0.74,-0.49,0.42,-0.88,-0.28,-0.91,-0.81,-1.00,-0.80,-0.63,-0.77,-0.87,-0.89,-0.19,2.89,-0.11,-0.59,-0.19,-0.43,-0.49,0.22,0.26,-0.46,0.25,-0.98,0.40,-0.63,-0.56,-0.63,-0.14,-0.69,3.30,-0.97,1.26,-0.04,-0.21,-0.86,1.85,0.61,4.76,-1.00,0.17,-0.22,-0.08,-0.11,-0.17,-0.64,-0.05,-0.47,0.43,-0.73
Foot Fetish,-0.01,-0.29,-1.00,-0.41,0.09,-0.53,-0.82,0.23,-0.29,-1.00,-1.00,1.12,-0.95,-0.56,-0.30,-1.00,-0.69,-0.02,-0.20,-0.50,-0.62,14.20,-0.51,-0.83,-0.81,2.26,-0.83,-0.41,-0.88,-0.86,0.26,-0.51,-0.33,-1.00,-0.60,0.37,2.84,1.20,0.48,-0.48,-0.36,-0.80,-0.44,0.29,-0.32,-0.55,-0.47,-0.52,8.58,0.31,-0.37,-0.34,-0.89,-0.89,1.51,-0.69,-0.73,-0.10,-0.73,-0.37,-0.48,0.18,-0.18,-0.69,0.16,-1.00,0.05,-0.85,-0.68,-0.20,-0.11,-0.41,-0.44,-0.72,-0.82,-0.73,2.34,0.71,3.44,1.23,-0.43,-1.00,-0.68,-0.66,0.71,-0.86,0.15,-0.38,-0.40,-0.15,3.00,-0.13
Black and Ebony,-0.61,-0.32,-1.00,0.07,-0.36,-0.67,-0.52,0.57,-0.28,-0.13,-1.00,-0.53,-0.05,0.66,-0.83,1.23,-0.07,-0.66,-0.97,-0.57,-0.30,-0.71,-0.40,-0.88,-0.31,0.03,-0.26,-0.47,-0.70,-0.76,0.85,0.44,0.28,-1.00,-0.27,-0.45,-0.37,-0.08,-0.49,0.07,-0.76,-0.22,-0.34,-0.76,-0.97,0.33,-0.87,-0.97,-0.73,-0.73,-0.06,1.46,-0.55,-0.89,0.45,-0.73,-0.98,-0.70,-0.02,2.93,2.17,-0.22,-0.36,0.12,-0.87,-1.00,-0.60,-0.06,0.46,-0.30,-0.05,-0.26,-0.63,-0.69,-0.39,-0.33,0.24,-0.71,-0.68,-0.21,-0.67,-1.00,0.17,-0.75,-0.10,-0.47,-0.59,-0.08,-0.94,-0.67,-0.71,-1.00
Femdom,-0.31,-0.66,-1.00,-0.30,-0.21,-0.55,-0.85,-0.58,-0.58,14.20,-1.00,4.18,-0.73,-0.65,-0.67,-0.50,-0.85,0.19,-0.68,-0.98,-0.53,-1.00,0.18,-0.86,-0.70,35.81,-0.71,5.07,-0.97,-0.64,-0.75,-0.80,-0.69,-0.98,-0.79,-0.82,0.23,1.26,-0.53,-0.82,-0.72,-0.91,-0.88,1.66,-0.21,-0.46,-0.46,-0.95,1.39,-0.65,-0.64,-0.68,-0.69,-0.91,-0.66,-0.76,-0.40,0.04,-0.36,-0.62,-0.38,26.22,-0.34,-0.62,0.71,-0.97,15.38,-0.87,-0.74,0.31,-0.58,-0.67,-0.80,-0.95,-0.93,-0.92,2.63,-0.81,19.43,0.41,0.14,-1.00,-0.08,-0.59,-0.64,-0.94,-0.34,3.66,0.03,-0.60,18.33,-0.71
Facials,0.55,-0.43,-1.00,0.40,-0.04,-0.00,-0.58,-0.09,-0.48,-0.69,-1.00,0.85,0.59,-0.02,-0.36,-0.18,-1.00,0.48,-0.56,-0.94,-0.91,-0.85,-0.78,-0.15,-0.84,0.26,-0.26,-0.28,-0.68,-0.42,-0.24,2.36,0.46,-1.00,-0.09,-0.93,0.70,-0.91,-0.88,-0.90,-0.63,-0.82,0.08,0.01,-0.39,-0.17,-0.60,-0.80,-0.71,-0.60,0.45,-0.44,6.30,-0.91,-0.69,-0.31,-0.46,-0.23,0.28,0.05,-0.54,-0.88,-0.83,-0.50,-0.30,-0.99,-0.88,-0.68,-0.45,-0.31,-0.43,0.32,-0.96,-0.85,-0.92,-0.55,0.68,-0.55,-0.52,-0.98,-0.16,-1.00,0.47,-0.40,2.90,0.63,0.75,-0.65,-0.37,-0.13,-0.71,-0.07
Upskirts,-0.60,-0.32,-1.00,-0.95,-0.27,-0.95,2.97,0.47,-0.59,-0.44,-1.00,-0.89,-1.00,-0.83,0.60,-1.00,-0.96,-0.78,-0.65,9.81,-0.74,-0.80,-0.86,0.35,-0.82,1.32,-0.81,-0.94,-0.95,-0.55,-0.12,-0.94,-0.94,-1.00,-0.87,19.67,1.44,-0.91,-0.89,-0.72,0.14,0.01,-0.77,-0.47,0.21,-0.80,-0.06,2.55,3.30,-0.29,-0.47,-0.31,-1.00,-0.91,0.53,-0.25,0.16,-0.76,-0.97,-0.97,-0.73,-1.00,-0.70,-0.82,-0.59,-1.00,-0.57,-0.27,-0.94,-0.31,-0.39,0.48,-1.00,-0.41,6.70,-0.46,0.71,0.37,-0.82,-0.24,-0.19,-1.00,-0.87,-0.85,-0.93,-0.98,-0.76,-0.82,-0.16,-0.02,-0.83,-0.63
Cumshots,0.06,-0.30,-0.99,0.03,-0.33,-0.29,-0.48,0.18,-0.45,0.71,-1.00,3.42,0.79,0.71,-0.24,-0.20,2.90,-0.19,-0.26,-0.85,-0.81,-0.64,-0.84,-0.52,-0.57,-0.76,0.46,-0.30,-0.48,-0.36,-0.42,2.17,0.55,-1.00,-0.15,-0.86,-0.67,-0.88,-0.03,-0.80,-0.55,-0.74,-0.23,-0.42,0.38,-0.22,-0.43,-0.64,-0.08,-0.57,-0.45,-0.06,7.11,-0.91,0.27,-0.58,-0.56,-0.61,0.30,-0.21,-0.44,-0.79,-0.59,-0.42,0.01,-0.94,-0.86,-0.76,0.63,-0.30,0.02,-0.05,-0.93,-0.69,-0.85,-0.43,0.57,-0.58,-0.53,-0.97,-0.39,-0.97,0.13,-0.52,-1.00,0.10,-0.04,-0.48,-0.35,-0.07,-0.76,-0.10
Double Penetration,0.27,-0.44,-1.00,6.92,-0.16,2.95,-0.86,-0.71,1.60,-0.86,-1.00,-0.84,8.84,0.16,0.66,-0.78,0.63,0.04,1.79,-0.97,-0.82,-0.94,-0.39,-0.87,-0.77,0.34,0.34,-0.02,-0.36,-0.58,-0.15,-0.40,0.68,-1.00,-0.03,-0.95,-0.23,-0.89,-0.90,-0.86,-0.92,-0.92,-0.25,-0.51,0.04,-0.32,-0.32,-0.92,-0.11,-0.78,-0.47,0.20,-0.00,-0.92,-0.73,-0.61,-0.23,-0.85,5.84,0.75,-0.84,-0.68,-0.79,-0.55,0.08,-1.00,-0.85,-0.93,1.01,-0.88,-0.60,-0.45,-0.98,-0.71,-0.98,-0.58,-0.93,-0.57,0.06,-0.98,0.12,-1.00,3.78,-0.60,0.10,-1.00,-0.05,-0.34,-0.66,-0.34,-0.49,-0.47
BBW,-0.59,1.43,-0.99,-0.40,0.30,-0.78,-0.63,0.57,-0.62,-0.48,-1.00,-0.61,-0.49,-0.33,-0.70,1.11,-0.54,0.23,-0.44,-0.01,-0.22,-0.38,0.18,-0.50,-0.19,1.19,-0.82,-0.65,-0.19,-0.72,0.61,-0.14,-0.71,-1.00,-0.92,-0.50,-0.49,-0.45,-0.58,0.23,-0.81,-0.96,-0.72,0.26,-0.97,2.63,-0.84,-0.65,-0.49,-0.51,0.55,-0.37,-0.85,-0.92,0.22,1.19,-0.67,-0.47,-0.60,1.11,-1.00,-0.50,0.33,0.78,-0.09,-0.99,0.06,0.51,0.16,-0.30,-0.69,-0.74,-0.73,-0.64,-0.52,0.49,-0.22,0.34,-0.72,-0.55,0.79,-1.00,-0.22,-0.15,-0.44,-0.84,-0.65,-0.17,-0.78,-0.72,0.11,2.17
Handjobs,-0.08,-0.41,-1.00,-0.67,-0.24,-0.72,0.17,0.55,-0.76,1.12,-1.00,-1.00,-0.91,-0.63,-0.50,-0.83,0.85,-0.38,0.27,-0.68,-0.43,4.18,-0.75,-0.05,-0.40,0.08,-0.29,-0.56,-0.89,-0.53,-0.58,2.29,-0.44,-1.00,-0.36,-0.70,-0.33,-0.92,4.04,-0.74,-0.45,-0.77,-0.76,-0.26,-0.54,-0.13,-0.54,-0.42,-0.23,0.07,-0.14,-0.68,-0.68,-0.94,-0.16,-0.81,-0.52,-0.49,-0.63,-0.62,-0.61,-0.34,1.02,-0.65,0.11,-0.98,-0.68,-0.54,-0.31,0.42,-0.47,-0.20,-0.89,-0.05,-0.47,-0.69,1.05,-0.40,0.02,-0.88,-0.34,-0.99,-0.77,-0.50,3.42,-0.84,-0.23,-0.45,0.36,-0.11,0.07,-0.53
German,0.55,0.88,-1.00,0.41,0.42,-0.43,0.39,0.59,-0.74,0.16,-1.00,0.11,1.72,0.35,-0.68,-0.17,-0.30,-0.03,-0.75,-0.64,-0.11,0.71,-0.01,-0.81,-0.33,-0.64,2.88,-0.31,0.96,0.72,-0.87,-0.15,-0.20,-1.00,-0.59,-0.67,-0.62,-0.54,-0.71,-0.44,-0.88,-0.32,-0.68,2.33,-0.80,-0.04,-0.39,0.46,0.25,-0.95,-0.28,-0.95,0.84,-0.94,-0.50,1.91,-0.96,-0.20,0.96,-0.79,-0.09,-0.23,-0.25,-0.50,-1.00,-0.98,0.09,-0.15,-0.35,0.49,-0.46,-0.06,-0.59,-0.57,-0.59,0.37,-0.60,-0.75,1.50,-0.64,-0.94,-1.00,0.29,0.46,0.01,0.08,-0.44,-0.54,-0.95,-0.94,1.33,-0.87
Brunettes,-0.31,-0.56,-1.00,0.20,0.08,0.13,-0.49,-0.11,0.31,0.15,-1.00,-0.23,-0.39,0.53,0.00,-0.21,0.75,-0.61,0.48,-0.61,0.08,-0.34,0.07,-0.51,-0.17,0.58,-0.20,-0.53,0.03,-0.66,0.32,0.54,0.60,-1.00,-0.40,-0.74,1.10,0.16,-0.37,-0.26,-0.83,0.99,-0.30,-0.23,-0.77,0.53,-0.76,-0.58,-0.17,-0.78,1.11,-0.03,-0.06,-0.95,-0.30,-0.93,-0.15,-0.30,-0.19,-0.11,-0.65,-0.38,0.16,-0.27,-0.44,-0.99,-0.62,0.05,0.01,-0.27,1.04,0.47,-0.76,-0.51,-0.59,0.42,0.11,-0.17,0.39,0.89,-0.18,-0.99,0.40,-0.52,-0.04,-0.05,-1.00,-0.70,-0.95,-0.60,-0.24,-0.59
Sex Toys,0.10,-0.21,-1.00,-0.50,-0.07,2.82,-0.60,0.17,-0.55,-0.51,-1.00,-0.75,-0.84,-0.52,-0.63,-0.50,-0.78,0.27,-0.26,-0.80,1.72,0.18,-1.00,-0.57,-0.65,-0.54,-0.75,0.13,-0.81,-0.36,-0.39,-0.76,-0.38,-1.00,-0.37,-0.80,0.03,3.30,-0.39,0.72,-0.56,-0.86,-0.51,-0.11,-0.34,-0.24,-0.13,-0.69,-0.08,-0.87,-0.21,-0.74,-0.94,-0.97,0.86,-0.35,-0.32,-0.07,-0.54,-0.74,0.18,3.84,3.74,2.44,-0.01,-0.99,-0.17,-0.19,-0.67,0.16,-0.10,0.14,-0.86,-0.90,-0.83,-0.18,-0.66,-0.76,0.87,-0.82,0.62,-1.00,0.47,-0.70,-0.84,-0.39,0.07,-0.85,0.01,-0.15,1.50,-0.40
Danish,0.07,-0.71,-1.00,3.39,-0.63,-0.71,-0.60,-0.07,-0.54,-0.86,-1.00,-0.53,-0.73,-0.16,-1.00,-1.00,-0.42,-0.62,0.22,-0.60,-0.43,-0.64,-0.36,20.28,-1.00,-1.00,21.49,-0.27,0.22,-1.00,-0.87,-0.36,-0.60,-1.00,0.57,-0.55,-0.60,-0.01,-0.33,-0.73,-1.00,-0.57,0.39,-1.00,-1.00,-0.66,-1.00,0.57,-0.43,-1.00,-0.71,-0.74,-0.30,-1.00,-0.41,-0.85,-1.00,-0.01,2.72,-0.46,-0.72,-0.77,-0.33,-0.71,0.72,-1.00,-0.67,-0.71,-0.43,7.18,-0.81,0.64,-0.55,-1.00,-0.07,6.59,-0.91,-0.08,-1.00,-0.29,-0.72,-1.00,-0.16,-0.13,-0.36,-0.58,-0.66,-0.66,-1.00,-0.90,-0.60,-0.76
Bukkake,-0.14,-0.80,-1.00,-0.33,-0.69,-0.85,-0.54,-0.63,-0.56,-0.89,-1.00,-0.68,16.69,-0.49,-0.70,-1.00,6.30,-0.06,-0.68,-0.97,-0.89,-0.69,-0.94,-1.00,-0.79,-0.89,-0.92,-0.81,0.02,-0.30,-0.68,0.55,0.21,-1.00,0.02,-0.91,-0.83,-0.24,-0.91,-0.93,-0.18,-0.93,-0.64,-0.59,0.45,-0.59,1.03,-1.00,-0.87,-0.63,-0.77,-0.73,-1.00,-1.00,-0.79,-0.93,-0.72,-1.00,2.30,-0.02,-0.85,-0.04,-0.81,0.59,0.84,-0.67,-1.00,-0.62,0.25,-0.06,-0.70,-0.56,-1.00,-0.60,-1.00,-0.88,-0.68,-0.76,-1.00,-0.96,2.18,-0.96,-0.72,-0.95,7.11,-0.00,-0.06,-0.21,3.58,1.30,-0.83,-0.55
Gothic,-0.70,-0.74,-1.00,-0.03,-0.59,-1.00,-0.21,0.12,0.62,0.29,-1.00,-0.26,-0.20,0.47,-1.00,2.38,0.01,-0.26,-0.28,-1.00,-0.13,1.66,-0.11,4.81,0.90,1.45,-0.56,-0.14,-0.64,-1.00,-0.38,0.53,-0.16,-1.00,-0.07,-0.70,0.27,0.77,-1.00,0.48,-1.00,0.71,-1.00,-1.00,-1.00,-0.10,2.10,-1.00,0.42,-1.00,-0.61,-1.00,-0.59,-1.00,-0.21,-1.00,-0.63,145.98,-0.08,-0.56,0.26,-1.00,-0.16,-0.48,2.33,-1.00,0.15,-0.65,-0.66,0.61,-0.16,0.20,-0.47,-1.00,-0.17,-0.63,-0.22,-1.00,4.53,1.34,0.99,-1.00,-0.12,-0.79,-0.42,-0.51,-0.23,-1.00,-0.93,-0.84,2.24,-0.76
Korean,-1.00,-0.84,-1.00,-0.78,-0.87,-1.00,-0.47,1.63,-0.73,-0.89,-1.00,-0.94,-1.00,-0.54,-1.00,-1.00,-0.91,-1.00,-1.00,3.86,-0.41,-0.91,-0.97,-1.00,-0.57,-0.67,-1.00,-0.71,-0.76,-1.00,-1.00,-0.50,-0.89,-1.00,-0.37,0.53,-1.00,-0.84,-0.47,0.09,7.49,0.39,-1.00,-1.00,-1.00,-0.83,-1.00,-1.00,-0.89,-1.00,-0.80,-1.00,-1.00,-1.00,-0.59,-1.00,-1.00,-1.00,-0.82,-0.75,-0.92,-1.00,-0.41,-0.53,-0.94,-1.00,-1.00,0.65,-0.32,-0.64,-0.49,-0.45,-0.91,-1.00,-0.72,0.07,-0.47,-0.51,-1.00,-0.66,-1.00,-1.00,-0.78,-0.72,-0.91,-0.92,-0.95,-0.73,1.41,18.15,-1.00,-0.89
Turkish,-0.78,-0.11,-1.00,-0.89,-0.68,-1.00,-0.51,2.21,-0.91,-0.52,-1.00,-0.42,-0.95,-0.17,-0.44,-1.00,-0.80,-0.85,-0.76,2.31,-0.71,-0.95,-0.69,-1.00,-0.38,-0.68,0.21,-0.30,1.36,0.57,-0.97,-0.34,-0.82,-1.00,-0.39,0.49,-0.90,-0.79,-0.74,2.78,-1.00,2.80,0.61,-1.00,-0.56,-0.74,-1.00,-1.00,-0.81,-0.11,-0.52,-0.90,-1.00,-1.00,-0.37,-0.78,-0.10,0.15,-0.15,-0.93,-0.65,-0.91,-0.47,-0.89,0.46,-1.00,-0.62,-0.32,-0.74,5.25,-0.13,0.06,2.55,-0.40,0.40,-0.24,-0.30,7.80,-0.86,-0.51,-0.78,-1.00,0.18,-0.83,-0.64,-0.92,-0.58,0.91,-1.00,-0.81,-0.78,-0.97
Vintage,-0.06,-0.09,-1.00,1.36,-0.36,-0.84,-0.55,-0.83,1.82,-0.83,-1.00,-0.29,-0.23,0.64,2.75,0.43,-0.26,-0.02,-0.86,-0.92,-0.78,-0.71,-0.75,10.53,-0.34,-0.57,-1.00,0.20,-0.22,21.49,-0.81,-0.37,6.47,-1.00,-0.39,-0.84,-0.14,2.03,-0.62,-0.98,-0.23,1.57,-0.43,-0.56,-0.90,0.19,1.23,0.21,1.12,-0.67,-0.06,-0.61,-0.92,-1.00,-0.84,-0.45,-0.77,-0.96,1.74,0.12,-0.82,-0.22,-0.80,-0.87,2.88,-1.00,-0.42,-0.56,-0.69,1.98,-0.39,-0.60,-0.81,-0.59,-0.88,7.75,-0.94,-0.73,-0.51,1.02,-0.19,-1.00,-0.04,0.08,0.46,0.34,-0.20,-0.78,-0.76,-0.62,-0.30,-0.26
Spanking,-0.50,-0.02,-1.00,-0.74,-0.33,-0.79,-0.65,-0.07,-0.45,0.05,-1.00,-0.68,-0.80,-0.19,-0.72,-0.31,-0.88,-0.15,6.34,-0.84,-0.25,15.38,-0.17,-0.61,-0.49,1.39,-0.42,-0.65,-0.49,-0.67,-0.84,-0.81,-0.69,-1.00,-0.43,-0.62,-0.77,1.80,-0.76,-0.77,-0.74,-0.58,-1.00,0.15,0.08,-0.73,-0.37,-0.62,0.40,-0.93,-0.46,-0.94,-1.00,-1.00,-0.68,-0.65,0.30,-1.00,-0.60,-0.62,0.06,1.29,-0.73,-0.30,0.09,-1.00,-1.00,-0.93,-0.86,-0.24,-0.53,0.14,-0.57,-0.93,-0.80,-0.87,-0.66,-0.85,2.12,-0.29,1.09,-1.00,-0.55,0.26,-0.86,-0.85,-0.62,-0.63,-0.26,-0.31,37.05,-0.60
Beach,-0.31,-0.70,-1.00,-0.56,-0.57,-0.93,13.91,0.28,0.25,-0.72,-1.00,-0.05,-0.75,-0.56,-0.01,-1.00,-0.85,-0.57,-0.72,10.90,-0.53,-0.95,-0.90,-0.25,0.16,-1.00,-0.59,-0.75,0.11,-1.00,-0.60,-0.63,-0.66,-1.00,-0.46,11.53,-0.82,-0.54,-0.47,-0.79,-1.00,1.43,-1.00,-1.00,0.28,-0.09,-0.20,-0.40,-0.97,-0.87,0.64,-0.29,-0.60,-1.00,-0.65,-0.87,1.08,-0.78,-0.38,-0.85,-0.64,-0.79,-0.55,-0.83,-0.57,-1.00,-0.93,0.21,-0.87,0.81,0.37,-0.07,-0.41,-1.00,1.97,-0.41,-0.81,-0.16,-1.00,0.39,-0.68,-1.00,-0.66,-0.86,-0.69,-0.71,-0.51,-0.73,-0.83,-0.68,-0.85,-0.69
Latex,0.21,-0.63,-1.00,0.31,0.03,0.23,-0.61,-0.54,-0.67,3.44,-1.00,0.02,-0.71,0.18,-0.85,-1.00,-0.52,0.94,-0.03,-0.98,-0.59,19.43,0.87,-0.56,-0.79,1.42,-0.51,0.83,-0.68,-1.00,-0.62,-0.42,-0.36,-1.00,-0.58,-0.87,3.41,1.77,-0.91,-0.87,-1.00,-0.19,-1.00,4.53,-0.10,0.18,-0.53,-0.86,1.85,-0.92,-0.02,-0.86,-1.00,-1.00,-0.73,-0.96,-0.92,-0.74,0.06,-0.56,-0.72,4.45,-0.37,-0.49,1.50,-1.00,2.12,-0.29,-0.85,0.03,0.01,-0.73,-0.82,-1.00,-0.81,-0.75,-0.65,-0.67,-1.00,-0.13,0.56,-1.00,0.36,-0.86,-0.53,0.06,0.39,-0.82,-0.53,-0.55,13.72,-0.68
BDSM,-0.25,-0.10,-1.00,-0.49,-0.22,0.63,-0.45,-0.08,0.04,3.00,-1.00,0.07,-0.22,0.18,-0.78,-0.66,-0.71,0.76,0.93,-0.92,-0.19,18.33,1.50,-0.51,0.85,4.78,-0.30,-0.33,-0.67,-0.60,-0.77,-0.56,-0.51,-1.00,-0.67,-0.85,-0.06,1.68,-0.72,-0.87,-0.56,-0.72,-0.92,2.24,1.14,-0.29,2.12,-0.78,0.43,-0.83,0.11,-0.88,-0.83,-1.00,-0.13,-0.87,-0.26,0.23,-0.37,-0.67,0.11,5.19,-0.58,0.85,1.33,-1.00,37.05,-0.79,-0.77,0.58,-0.37,-0.53,-0.83,-0.85,-0.79,-0.53,-0.68,-0.78,13.72,-0.72,-0.11,-1.00,-0.11,-0.56,-0.76,-0.49,-0.24,-0.05,0.73,0.67,-1.00,-0.71
Lingerie,0.63,-0.15,-1.00,0.11,0.89,0.71,-0.68,-0.42,0.22,2.84,-1.00,-0.33,-0.76,-0.55,-0.34,-0.72,0.70,0.70,-0.64,-0.24,-0.06,0.23,0.03,-0.03,0.03,1.45,-0.14,-0.21,-0.61,-0.60,-0.08,0.04,-0.25,-1.00,-0.69,0.05,-1.00,0.32,-0.01,-0.62,-0.90,1.87,-0.59,0.27,-0.67,0.25,-0.74,-0.90,9.41,-0.66,1.24,-0.38,-0.83,-1.00,-0.16,-0.67,-0.48,-0.22,-0.37,-0.35,-0.49,0.15,0.51,-0.47,-0.62,-1.00,-0.77,-0.68,-0.39,-0.26,0.10,-0.32,1.44,-0.82,-0.15,-0.09,0.06,-0.70,3.41,2.59,0.12,-1.00,-0.02,-0.57,-0.67,-0.23,1.10,-0.71,-0.80,-0.54,-0.06,-0.37
Brazilian,-0.17,-0.48,-1.00,0.17,-0.54,-0.72,-0.30,0.58,-0.87,-0.34,-1.00,-0.68,-0.04,0.07,-0.89,1.19,-0.44,-0.66,-1.00,-0.64,-0.75,-0.68,-0.74,-1.00,-0.54,-0.05,-0.61,0.60,0.93,-0.74,9.76,-0.36,-0.30,-1.00,-0.70,0.35,-0.38,-0.40,-0.81,0.73,-0.80,-0.20,-1.00,-1.00,-0.78,-0.45,-0.83,-0.90,-0.77,-0.72,-0.61,-1.00,-0.73,-1.00,-0.08,-0.69,-0.97,-0.62,0.35,0.22,-0.37,-0.69,-0.60,-0.75,-0.95,-1.00,-0.94,0.02,-0.47,-0.74,0.03,0.04,-0.31,-0.29,-0.82,-0.38,-0.46,-0.82,-0.86,-0.40,-0.97,-1.00,2.16,-0.68,-0.06,0.20,-0.03,-0.45,-0.99,-0.94,-0.88,1.46
Gangbang,0.00,-0.08,-1.00,-0.33,-0.16,-0.08,-0.21,-0.11,1.94,-0.95,-1.00,-0.91,-1.00,0.15,0.42,1.29,0.59,-0.27,-0.08,-0.93,-0.84,-0.73,-0.84,-0.18,-0.84,-0.79,-0.23,-0.45,2.12,-0.73,-0.51,-0.29,0.02,-1.00,-0.76,-0.87,-0.76,-0.73,-0.83,-0.98,-0.47,-0.87,-0.44,-0.20,1.14,-0.50,0.93,-0.95,-0.38,-0.42,-0.77,-0.04,16.69,-1.00,-0.82,-0.36,-0.04,-0.70,7.03,2.24,-0.49,-0.46,-0.95,-0.52,1.72,-0.94,-0.80,-0.85,2.22,-0.64,-0.68,-0.41,-1.00,-0.75,-0.98,-0.60,-0.87,-0.05,-0.71,-0.99,1.11,-1.00,0.81,-0.05,0.79,8.84,-0.39,1.69,-0.04,-0.21,-0.22,-0.05
Latin,-0.72,-0.50,-1.00,-0.12,-0.18,-0.47,-0.47,0.72,-0.90,0.26,-1.00,-0.58,-0.51,0.22,-0.73,0.52,-0.24,-0.78,-0.94,0.31,-0.39,-0.75,-0.39,-0.92,0.12,-0.18,-0.81,-0.51,0.32,-0.87,-1.00,0.04,0.08,-0.96,-0.81,0.07,-0.08,-0.51,-0.52,0.93,-0.95,-0.03,0.00,-0.38,-1.00,0.31,-0.96,-0.97,-0.67,-0.82,-0.08,9.76,-0.68,-1.00,0.02,-0.80,-0.99,-0.62,-0.45,1.01,0.61,-0.78,-0.27,-0.05,-0.87,-0.98,-0.84,-0.50,-0.30,-0.22,0.33,0.11,-0.12,-0.60,-0.56,0.11,0.28,-0.56,-0.62,-0.09,-0.97,-0.98,0.55,-0.61,-0.42,-0.15,0.32,-0.05,-0.99,-0.86,-0.77,0.85
Indian,-0.95,0.01,-1.00,-0.06,-0.13,-0.88,-0.26,0.64,-0.85,0.31,-1.00,0.07,-0.42,0.60,-0.81,-1.00,-0.60,-0.97,-0.87,1.56,-0.02,-0.65,-0.87,-1.00,2.89,-0.74,-0.67,-0.92,1.99,-1.00,-0.82,0.16,-0.49,-1.00,-0.83,-0.03,-0.66,-0.62,1.49,0.36,-0.32,1.19,-0.70,-1.00,-0.76,0.77,-0.44,-0.11,-0.80,-1.00,1.05,-0.72,-0.63,-1.00,0.17,-0.94,-1.00,3.00,-0.60,-0.04,-0.51,-0.90,-0.47,-0.88,-0.95,-1.00,-0.93,2.52,-0.31,0.07,0.09,-0.07,-0.29,-0.87,0.12,2.76,-0.17,3.92,-0.92,2.41,0.67,-1.00,-0.47,-0.37,-0.57,-0.78,-0.78,0.34,-0.84,3.17,-0.83,-0.73
Gaping,-0.02,-0.34,-1.00,0.61,-0.02,-1.00,-0.87,-0.39,-0.59,-0.53,-1.00,-0.72,-0.08,-0.09,-0.75,-0.39,-0.00,0.23,1.86,-0.97,1.74,-0.55,2.82,-1.00,-0.89,1.12,-0.84,0.08,-0.94,-0.71,-0.47,-0.43,-0.38,-1.00,-0.83,-0.78,0.71,0.27,-0.79,-0.49,-0.10,-0.97,-0.70,-1.00,-0.28,-0.51,-0.44,-1.00,-0.67,-0.88,0.52,-0.72,-0.85,-1.00,3.26,-0.54,0.78,-0.79,-0.39,-0.09,-0.78,0.64,-0.08,1.24,-0.43,-1.00,-0.79,-0.94,1.59,-0.52,-0.39,-0.13,-0.95,-0.93,-0.90,-0.35,-0.58,-1.00,0.23,-0.97,-0.82,-1.00,4.93,-0.81,-0.29,2.95,0.13,-0.93,-0.69,-0.46,0.63,-0.67
British,0.13,-0.01,-1.00,1.04,0.55,-0.82,-0.29,0.31,-0.86,-0.43,-1.00,-0.34,1.11,0.03,-0.94,-0.41,-0.16,-0.22,-0.87,-0.74,0.21,0.14,0.62,-1.00,-0.64,1.01,-0.19,-0.62,1.05,-0.72,-0.97,-0.18,-0.12,-1.00,-0.84,-0.56,0.12,0.67,-0.69,-0.62,-1.00,1.17,-0.57,0.99,-1.00,0.91,-1.00,-0.78,4.76,0.67,-0.14,-0.97,2.18,-1.00,0.05,0.01,-0.95,-0.18,0.38,0.21,0.79,-0.33,0.13,-0.11,-0.94,-1.00,1.09,-0.30,-0.51,-0.22,0.04,-0.58,-0.19,-0.68,-0.19,-0.34,0.06,-0.84,0.56,0.83,-1.00,-1.00,0.08,-0.24,-0.39,0.12,-0.18,-0.44,-0.99,-0.94,-0.11,-0.67
Strapon,-0.40,-0.57,-1.00,0.44,-0.49,0.64,-0.92,-0.39,-0.68,0.18,-1.00,-0.34,-0.46,-0.58,-0.85,-1.00,-0.88,-0.26,-0.89,-0.93,-0.14,26.22,3.84,-0.44,-0.68,1.13,-0.22,7.42,-0.84,-0.77,-0.78,-0.86,-0.13,-1.00,-0.86,-0.95,0.15,9.43,-0.43,-0.79,-0.63,-0.83,-0.76,-1.00,-0.61,-0.43,-0.10,-0.91,0.22,-0.90,-0.51,-0.69,-0.04,-1.00,-0.85,-0.78,0.07,-0.66,-0.15,-0.63,-0.50,-1.00,-0.78,-0.42,-0.23,-1.00,1.29,-0.85,-0.90,-0.57,-0.46,-0.68,-1.00,-0.79,-0.98,-0.64,-0.63,-0.84,4.45,-0.93,-0.33,-0.99,1.10,0.22,-0.79,-0.68,-0.38,-0.27,-0.55,-0.56,5.19,-0.22
Russian,-0.01,1.30,-1.00,-0.03,-0.27,0.78,0.10,0.61,-0.82,-0.73,-1.00,-0.52,-0.04,-0.16,-0.77,-0.67,-0.46,0.99,-0.44,0.58,-0.19,-0.40,-0.32,-0.81,-0.23,-0.48,-0.77,-0.71,1.62,-1.00,-0.99,-0.22,-0.73,-1.00,-0.91,0.07,-0.48,-0.06,-0.35,0.82,-0.88,-0.34,4.56,-0.63,-1.00,-0.49,-0.70,-0.10,-0.11,-1.00,-0.41,-0.97,-0.72,-1.00,-0.50,-0.07,-1.00,-0.66,0.88,-0.72,-0.67,0.07,-0.24,-0.73,-0.96,-1.00,0.30,1.40,-0.41,-0.22,-0.16,1.91,0.16,1.08,-0.23,-0.28,-0.61,-0.75,-0.92,0.15,-0.95,-1.00,0.54,3.40,-0.56,-0.23,-0.15,-0.40,-0.99,-0.92,-0.26,-0.98
Blondes,-1.00,-0.28,-1.00,0.32,0.37,-0.02,-0.28,-0.12,-0.13,-0.01,-1.00,-0.08,0.00,0.56,-0.27,-0.35,0.55,-0.61,0.97,-0.74,-0.01,-0.31,0.10,1.40,-0.35,0.22,-0.06,-0.47,-0.24,0.07,-0.72,0.63,0.65,-1.00,-0.91,-0.69,0.63,0.15,-0.34,-0.33,-0.92,0.77,0.23,-0.70,-0.79,0.74,-0.75,-0.78,0.10,-0.95,0.51,-0.17,-0.14,-1.00,-0.40,-0.74,-0.01,-0.50,-0.09,0.23,-0.59,-0.40,0.08,-0.22,0.55,-0.99,-0.50,-0.18,-0.05,-0.19,0.93,0.40,-0.60,-0.31,-0.65,-0.45,0.05,-0.90,0.21,0.49,0.13,-1.00,0.44,-0.36,0.06,0.27,-0.31,-0.63,-0.98,-0.92,-0.25,-0.61
Grannies,-0.74,9.29,-1.00,-0.49,0.31,-0.54,-0.60,-0.24,0.13,-0.69,-1.00,-0.81,-0.36,-0.42,-0.63,0.84,-0.31,-0.38,-0.54,-0.19,-0.11,-0.76,-0.35,-0.65,-0.48,-0.91,-0.45,-0.88,-0.12,-0.85,-0.80,-0.44,-0.83,-1.00,-0.92,-0.57,-0.67,-0.23,-0.68,-0.27,-0.89,-0.95,-1.00,-1.00,-0.88,-0.35,-0.91,-0.78,2.89,-0.94,-0.36,-0.69,-0.93,-1.00,-0.52,-1.00,-0.07,-1.00,-0.29,-0.57,1.19,-0.78,-0.27,-0.64,1.91,-1.00,-0.65,-0.43,-0.28,-0.17,-0.99,-0.73,-0.25,-0.87,-0.83,1.70,-0.88,-0.80,-0.96,-0.89,0.01,-1.00,-0.30,14.79,-0.58,-0.61,-0.93,-0.80,-0.23,-0.81,-0.87,-0.73
Redheads,-0.61,0.24,-1.00,0.26,0.59,0.23,-0.33,-0.07,-0.04,-0.02,-1.00,-0.38,-0.27,0.27,0.08,1.66,0.48,-1.00,-0.04,-0.68,-0.32,0.19,0.27,4.32,-0.33,0.65,-0.02,-0.63,0.64,-0.62,-0.78,0.39,0.26,-1.00,-0.93,-0.77,0.70,0.24,-0.44,-0.43,-0.90,0.57,0.16,-0.26,-0.37,0.36,-0.35,-0.85,0.43,-0.97,0.26,-0.66,-0.06,-1.00,-0.30,-0.38,0.99,0.74,-0.34,0.37,0.23,-0.26,0.25,0.00,-0.03,-1.00,-0.15,0.07,-0.06,-0.18,0.38,0.45,-0.78,-0.57,-0.77,0.83,0.18,-0.97,0.94,0.69,-0.22,-0.99,0.32,-0.07,-0.19,0.04,-0.61,-0.62,-0.98,-0.90,0.76,-0.66
Babysitters,0.23,-0.34,-1.00,0.80,-0.78,-0.70,-1.00,-0.12,-0.65,-0.44,-1.00,-0.76,-0.44,1.12,-0.70,4.86,0.08,0.16,1.50,-0.38,-0.58,-0.88,-0.51,0.68,-0.45,-1.00,-0.43,-0.63,-1.00,0.39,0.00,-0.11,0.13,-1.00,-1.00,-0.33,-0.59,0.22,-1.00,-0.48,-1.00,-0.85,-1.00,-1.00,-1.00,-0.53,-1.00,0.61,-0.49,-0.70,-0.49,-1.00,-0.64,-1.00,-0.39,-1.00,4.56,1.02,-0.34,-0.65,-0.72,-0.76,-0.49,-1.00,-0.68,-1.00,-1.00,-1.00,-0.61,0.40,1.10,3.82,-0.77,-1.00,-1.00,-0.68,-0.42,0.26,-1.00,-0.71,-0.57,-1.00,0.13,4.18,-0.23,-0.25,-0.30,-1.00,-0.68,-0.49,-0.92,-0.34
Emo,-0.50,-0.95,-1.00,-0.44,-0.75,-0.79,-0.52,0.86,0.59,-0.10,-1.00,-0.49,-0.70,0.13,-0.79,1.08,-0.23,0.74,-0.55,-0.61,-0.28,0.04,-0.07,-1.00,0.17,1.41,-0.96,-0.47,-0.78,-0.01,-0.62,0.52,-0.40,-1.00,-1.00,-0.52,-0.22,-0.18,3.13,1.08,-1.00,0.37,1.02,145.98,-0.18,-0.18,-1.00,0.15,-0.59,3.00,-0.58,-0.62,-1.00,-1.00,-0.35,-1.00,-0.66,-1.00,-0.63,-0.38,-0.47,-0.66,0.27,-0.25,-0.20,-1.00,-1.00,-0.57,-0.79,-0.34,0.16,1.78,-0.76,-0.78,-0.41,-0.71,0.66,-0.78,-0.74,0.86,-0.18,-1.00,-0.45,-0.87,-0.61,-0.85,-0.30,-0.75,-0.86,-0.66,0.23,-0.70
Italian,-0.27,1.14,-1.00,0.69,1.17,-0.75,-0.09,0.08,-0.39,-0.30,-1.00,-0.50,0.42,0.34,-1.00,-0.39,-0.36,0.08,-0.87,-0.51,-0.53,-0.67,-0.63,-1.00,0.09,-0.82,2.75,-0.07,0.57,-1.00,-0.73,-0.19,0.71,-1.00,-1.00,0.04,-0.34,-0.49,-0.29,0.25,1.04,5.74,-0.70,-1.00,-0.52,-0.04,-0.81,-0.44,1.50,-0.81,-0.03,-0.89,-0.70,-1.00,-0.83,-0.63,-0.77,-0.79,1.09,-0.73,-0.70,-0.85,-0.04,-0.41,-0.68,-1.00,-0.72,-0.12,-0.76,-0.03,-0.42,-0.61,0.60,-0.01,-0.53,1.31,-0.62,-0.28,-0.85,-0.03,-0.94,-1.00,1.15,1.60,-0.24,0.66,0.00,1.33,-0.99,-0.96,-0.78,-0.83
Hentai,-0.79,-0.83,-1.00,-0.13,-0.69,-0.28,0.10,-0.94,-0.62,-0.32,-1.00,-0.54,1.14,-0.46,-0.52,-1.00,-0.39,-0.37,-1.00,-1.00,-0.80,-0.21,-0.34,-1.00,-0.11,-1.00,-0.90,-1.00,-1.00,-1.00,-1.00,0.24,-1.00,-1.00,-1.00,-0.79,-0.67,-0.10,-0.72,-0.98,-1.00,2.36,-1.00,-1.00,-1.00,1.22,468.06,-0.56,-0.88,-0.76,1.53,-0.78,0.45,-1.00,-0.75,-0.88,-1.00,-0.18,0.49,-0.77,-0.97,-0.61,-0.60,0.58,-0.80,-1.00,0.08,-0.76,3.03,3.91,0.96,-0.73,0.21,0.28,-1.00,-1.00,0.02,-1.00,-0.10,0.76,-1.00,-1.00,-0.57,0.02,0.38,0.04,-0.77,-0.86,2.70,-0.09,1.14,-0.97
Czech,0.97,-0.57,-1.00,0.09,-0.54,1.86,1.82,-0.02,-0.84,-0.20,-1.00,0.27,-0.08,-0.08,-0.87,-1.00,-0.56,-0.04,-1.00,-0.82,0.04,-0.68,-0.26,0.48,-0.40,-0.63,-0.86,-0.84,1.62,0.22,-0.94,-0.18,0.75,-1.00,-1.00,-0.89,-0.64,0.46,2.16,-0.77,-1.00,-0.41,1.50,-0.28,-1.00,0.15,-1.00,-0.76,-0.39,-0.87,-0.07,-1.00,-0.68,-1.00,0.23,-0.54,-0.44,-0.55,0.68,-0.34,-0.44,-0.89,-0.12,-0.60,-0.75,-1.00,6.34,-0.20,-0.14,-0.08,0.80,0.83,-0.65,-0.72,-0.74,-0.61,3.19,-0.58,-0.03,0.47,-0.87,-1.00,0.63,3.17,-0.26,1.79,0.48,1.92,-1.00,-0.94,0.93,-0.97
Midgets,-0.35,1.70,-1.00,0.74,0.45,-0.39,-0.58,-0.22,-0.27,-1.00,-1.00,-0.83,1.29,1.63,-0.39,-1.00,-0.18,1.66,-1.00,-0.86,-0.83,-0.50,-0.50,-1.00,0.70,0.75,0.43,-1.00,-0.36,-1.00,0.52,-0.28,1.10,-1.00,-1.00,-0.68,-0.72,0.58,-0.29,-0.81,-1.00,-0.08,4.86,2.38,-1.00,-0.12,-1.00,-1.00,-0.10,-1.00,-0.83,1.19,-1.00,-1.00,-0.69,0.84,-0.67,1.08,1.23,0.37,1.11,-1.00,-0.78,0.54,-0.17,-1.00,-0.31,-0.38,0.00,11.48,-0.60,-0.56,-1.00,-1.00,-0.75,1.32,-0.40,-1.00,-1.00,-0.40,-0.41,-1.00,-0.20,1.58,-0.20,-0.78,-0.21,-1.00,-1.00,-0.65,-0.66,1.23
Cartoons,-0.75,-0.80,-1.00,-0.40,-0.83,-0.44,-0.14,-0.83,-0.26,-0.47,-1.00,-0.54,0.93,-0.19,-0.81,-1.00,-0.60,-0.35,-1.00,-0.91,-0.52,-0.46,-0.13,-1.00,0.56,-1.00,1.23,-0.53,-0.80,-1.00,-0.96,-0.10,-0.83,-1.00,-1.00,-0.54,-0.74,0.61,-0.78,-0.94,-1.00,6.00,-1.00,2.10,468.06,1.16,-1.00,-1.00,-0.91,-0.44,1.26,-0.83,1.03,-1.00,-0.52,-0.91,-0.70,-1.00,0.58,-0.01,-0.84,-0.10,-0.66,0.23,-0.39,-0.79,-0.37,-0.43,0.23,23.39,0.52,-0.72,-0.06,-0.20,-0.62,-0.85,-0.76,-0.80,-0.53,1.93,-1.00,-1.00,-0.60,-0.44,-0.43,-0.32,-0.76,-0.01,1.11,-0.09,2.12,-0.87
Swedish,1.40,-0.35,-1.00,0.33,-0.65,-1.00,0.53,0.54,-1.00,-0.83,-1.00,-0.05,-0.18,-0.28,-1.00,-1.00,-0.15,4.32,0.48,0.37,-0.31,-0.86,-0.57,-1.00,-0.35,-0.50,10.53,-0.56,-0.26,20.28,-0.92,-0.19,0.85,-1.00,-1.00,-0.27,-0.03,-0.26,-0.60,0.01,1.57,0.75,0.68,4.81,-1.00,-0.17,-1.00,-1.00,-0.49,-1.00,-0.65,-1.00,-1.00,-1.00,-0.82,-0.65,-0.81,-1.00,0.50,-0.63,-0.50,-0.44,0.27,0.06,-0.81,-1.00,-0.61,-0.29,-0.77,-0.45,0.18,0.28,0.35,-0.25,-0.72,-0.43,-0.66,0.12,-0.56,0.37,-1.00,-1.00,-0.20,-0.05,-0.52,-0.87,-0.51,-0.38,-1.00,-0.96,-0.51,-0.88
Shemales,-0.99,-1.00,500.20,-0.99,-1.00,-1.00,-1.00,-0.99,-1.00,-1.00,-0.64,-0.98,-0.94,-0.98,-1.00,-1.00,-0.99,-1.00,-1.00,-1.00,-1.00,-0.97,-0.99,-1.00,-1.00,-1.00,-1.00,7.88,-1.00,-1.00,-0.98,-0.94,-1.00,-0.40,-1.00,-1.00,-1.00,-1.00,-1.00,-1.00,-1.00,-1.00,-1.00,-1.00,-1.00,-1.00,-0.79,-1.00,-0.98,-1.00,-1.00,-1.00,-0.67,-1.00,-1.00,-1.00,-1.00,-1.00,-0.99,-0.98,-0.99,-1.00,-1.00,-1.00,-0.98,-1.00,-1.00,-1.00,-0.89,-1.00,-1.00,-1.00,-1.00,-1.00,-1.00,-1.00,-0.96,-0.64,-1.00,-1.00,-1.00,0.71,-0.89,-1.00,-0.94,-1.00,-0.99,-1.00,-1.00,-1.00,-1.00,-1.00
Gays,-1.00,-1.00,-1.00,-0.99,-1.00,-1.00,-1.00,-1.00,-1.00,-1.00,54.51,-0.99,-1.00,-0.98,-1.00,-1.00,-1.00,-0.99,-1.00,-1.00,-1.00,-1.00,-1.00,-1.00,-1.00,-1.00,-1.00,7.50,-1.00,-1.00,-0.98,-0.98,-1.00,89.98,-1.00,-1.00,-1.00,-1.00,-1.00,-1.00,-1.00,-1.00,-1.00,-1.00,-1.00,-1.00,-1.00,-1.00,-1.00,-1.00,-1.00,-1.00,-0.96,-1.00,-1.00,-1.00,-1.00,-1.00,-1.00,-1.00,-1.00,-0.99,-1.00,-1.00,-1.00,0.71,-1.00,-1.00,-0.99,-1.00,-1.00,-1.00,-1.00,-1.00,-1.00,-1.00,-1.00,-1.00,-1.00,-1.00,-1.00,-1.00,-0.96,-1.00,-0.97,-1.00,-0.99,-1.00,-1.00,-1.00,-1.00,-1.00
Ladyboys,-1.00,-1.00,-1.00,-1.00,-1.00,-1.00,-1.00,-1.00,-1.00,-1.00,-1.00,-1.00,-1.00,-1.00,-1.00,-1.00,-1.00,-1.00,-1.00,-1.00,-1.00,-1.00,-1.00,-1.00,-1.00,-1.00,-1.00,-0.55,-1.00,-1.00,-1.00,-1.00,-1.00,-0.95,-1.00,-1.00,-1.00,-1.00,-1.00,-1.00,-1.00,-1.00,-1.00,-1.00,-1.00,-1.00,-1.00,-1.00,-1.00,-1.00,-1.00,-1.00,-1.00,-1.00,-1.00,-1.00,-1.00,-1.00,-1.00,-1.00,-0.99,-1.00,-1.00,-1.00,-1.00,500.20,-1.00,-1.00,-1.00,-1.00,-1.00,-1.00,-1.00,-1.00,-1.00,-1.00,-1.00,-1.00,-1.00,-1.00,-1.00,-1.00,-1.00,-1.00,-0.99,-1.00,-1.00,-1.00,-1.00,-1.00,-1.00,-1.00
Black Gays,-1.00,-1.00,-1.00,-1.00,-1.00,-1.00,-1.00,-1.00,-1.00,-1.00,-1.00,-1.00,-1.00,-1.00,-1.00,-1.00,-1.00,-1.00,-1.00,-1.00,-1.00,-1.00,-1.00,-1.00,-1.00,-1.00,-1.00,1.30,-1.00,-1.00,-1.00,-1.00,-1.00,51.30,-1.00,-1.00,-1.00,-1.00,-1.00,-1.00,-1.00,-1.00,-1.00,-1.00,-1.00,-1.00,-1.00,-1.00,-1.00,-1.00,-1.00,-1.00,-1.00,-1.00,-1.00,-1.00,-1.00,-1.00,-1.00,-1.00,-1.00,-1.00,-1.00,-1.00,-1.00,-0.64,-1.00,-1.00,-1.00,-1.00,-1.00,-1.00,-1.00,-1.00,-1.00,-1.00,-1.00,-1.00,-1.00,-1.00,-1.00,54.51,-1.00,-1.00,-1.00,-1.00,-1.00,-1.00,-1.00,-1.00,-1.00,-1.00
Men,-1.00,-1.00,-0.95,-1.00,-1.00,-1.00,-1.00,-1.00,-1.00,-1.00,51.30,-1.00,-1.00,-1.00,-1.00,-1.00,-1.00,-1.00,-1.00,-1.00,-1.00,-0.98,-1.00,-1.00,-1.00,-1.00,-1.00,11.79,-1.00,-1.00,-0.96,-1.00,-1.00,-1.00,-1.00,-1.00,-1.00,-1.00,-1.00,-1.00,-1.00,-1.00,-1.00,-1.00,-1.00,-1.00,-1.00,-1.00,-1.00,-1.00,-1.00,-1.00,-1.00,-1.00,-1.00,-1.00,-1.00,-1.00,-1.00,-1.00,-1.00,-1.00,-1.00,-0.69,-1.00,-0.40,-1.00,-1.00,-0.93,-1.00,-1.00,-1.00,-1.00,-1.00,-1.00,-1.00,-1.00,-1.00,-1.00,-1.00,-1.00,89.98,-1.00,-1.00,-1.00,-1.00,-1.00,-1.00,-1.00,-1.00,-1.00,-1.00